PRAGMA foreign_keys=OFF;
BEGIN TRANSACTION;
CREATE TABLE "schema_migrations" ("version" varchar NOT NULL PRIMARY KEY);
INSERT INTO "schema_migrations" VALUES('20130430210842');
INSERT INTO "schema_migrations" VALUES('20160308104204');
INSERT INTO "schema_migrations" VALUES('20160329231848');
CREATE TABLE "ar_internal_metadata" ("key" varchar NOT NULL PRIMARY KEY, "value" varchar, "created_at" datetime NOT NULL, "updated_at" datetime NOT NULL);
INSERT INTO "ar_internal_metadata" VALUES('environment','development','2016-11-17 23:12:54.538885','2016-11-17 23:12:54.538885');
CREATE TABLE "users" ("id" INTEGER PRIMARY KEY AUTOINCREMENT NOT NULL, "name" varchar NOT NULL, "email" varchar, "created_at" datetime NOT NULL, "updated_at" datetime NOT NULL, "admin" boolean DEFAULT 'f' NOT NULL);
INSERT INTO "users" VALUES(1,'Joe','joe@example.com','2016-11-17 23:12:54.772737','2016-11-17 23:12:54.772737','t');
INSERT INTO "users" VALUES(2,'Lia Raynor','user1@example.com','2016-11-17 23:12:55.225734','2016-11-17 23:12:55.225734','f');
INSERT INTO "users" VALUES(3,'Leonard Gleichner','user2@example.com','2016-11-17 23:12:55.230376','2016-11-17 23:12:55.230376','f');
INSERT INTO "users" VALUES(4,'Geoffrey Miller','user3@example.com','2016-11-17 23:12:55.234059','2016-11-17 23:12:55.234059','f');
INSERT INTO "users" VALUES(5,'Verla Jacobson','user4@example.com','2016-11-17 23:12:55.237465','2016-11-17 23:12:55.237465','f');
INSERT INTO "users" VALUES(6,'Kimberly Lueilwitz','user5@example.com','2016-11-17 23:12:55.240923','2016-11-17 23:12:55.240923','f');
INSERT INTO "users" VALUES(7,'Aurelia Howell','user6@example.com','2016-11-17 23:12:55.865881','2016-11-17 23:12:55.865881','f');
INSERT INTO "users" VALUES(8,'William Kreiger','user7@example.com','2016-11-17 23:12:55.868574','2016-11-17 23:12:55.868574','f');
INSERT INTO "users" VALUES(9,'Dr. Garfield Treutel','user8@example.com','2016-11-17 23:12:55.894064','2016-11-17 23:12:55.894064','f');
INSERT INTO "users" VALUES(10,'Birdie Rutherford','user9@example.com','2016-11-17 23:12:55.895234','2016-11-17 23:12:55.895234','f');
INSERT INTO "users" VALUES(11,'Adelbert Rau','user10@example.com','2016-11-17 23:12:55.932322','2016-11-17 23:12:55.932322','f');
INSERT INTO "users" VALUES(12,'Mrs. Enoch Nikolaus','user11@example.com','2016-11-17 23:12:55.936301','2016-11-17 23:12:55.936301','f');
INSERT INTO "users" VALUES(13,'Immanuel Huel','user12@example.com','2016-11-17 23:12:55.958030','2016-11-17 23:12:55.958030','f');
INSERT INTO "users" VALUES(14,'Karlee Metz DVM','user13@example.com','2016-11-17 23:12:55.959261','2016-11-17 23:12:55.959261','f');
INSERT INTO "users" VALUES(15,'Joyce Botsford DVM','user14@example.com','2016-11-17 23:12:55.986960','2016-11-17 23:12:55.986960','f');
INSERT INTO "users" VALUES(16,'Emie Cummerata DDS','user15@example.com','2016-11-17 23:12:55.988310','2016-11-17 23:12:55.988310','f');
CREATE TABLE "friendly_id_slugs" ("id" INTEGER PRIMARY KEY AUTOINCREMENT NOT NULL, "slug" varchar(191) NOT NULL, "sluggable_id" integer NOT NULL, "sluggable_type" varchar(50), "scope" varchar(191), "created_at" datetime NOT NULL);
INSERT INTO "friendly_id_slugs" VALUES(1,'you-ll-find-i-m-full-of-surprises',1,'Thredded::Topic','messageboard_id:1','2016-11-17 23:12:55.424450');
INSERT INTO "friendly_id_slugs" VALUES(2,'shut-him-up-or-shut-him-down',2,'Thredded::Topic','messageboard_id:1','2016-11-17 23:12:55.444880');
INSERT INTO "friendly_id_slugs" VALUES(3,'that-is-why-you-fail',3,'Thredded::Topic','messageboard_id:1','2016-11-17 23:12:55.457854');
INSERT INTO "friendly_id_slugs" VALUES(4,'you-are-unwise-to-lower-your-defenses',4,'Thredded::Topic','messageboard_id:1','2016-11-17 23:12:55.470471');
INSERT INTO "friendly_id_slugs" VALUES(5,'truly-wonderful-the-mind-of-a-child-is',5,'Thredded::Topic','messageboard_id:1','2016-11-17 23:12:55.483050');
INSERT INTO "friendly_id_slugs" VALUES(6,'est-totam-quaerat-libero-qui-fuga-nihil',1,'Thredded::PrivateTopic',NULL,'2016-11-17 23:12:55.526184');
INSERT INTO "friendly_id_slugs" VALUES(7,'illum-sit-fugiat-assumenda-error',2,'Thredded::PrivateTopic',NULL,'2016-11-17 23:12:55.538236');
INSERT INTO "friendly_id_slugs" VALUES(8,'ad-numquam-quas-iure',3,'Thredded::PrivateTopic',NULL,'2016-11-17 23:12:55.550000');
INSERT INTO "friendly_id_slugs" VALUES(9,'quo-sint-et-similique-et-neque-doloribus-fuga-consequuntur',4,'Thredded::PrivateTopic',NULL,'2016-11-17 23:12:55.567799');
INSERT INTO "friendly_id_slugs" VALUES(10,'placeat-est-aperiam-temporibus-soluta-earum-non',5,'Thredded::PrivateTopic',NULL,'2016-11-17 23:12:55.580306');
INSERT INTO "friendly_id_slugs" VALUES(11,'i-find-your-lack-of-faith-disturbing',6,'Thredded::Topic','messageboard_id:2','2016-11-17 23:12:55.878822');
INSERT INTO "friendly_id_slugs" VALUES(12,'you-do-have-your-moments-not-many-but-you-have-them',7,'Thredded::Topic','messageboard_id:3','2016-11-17 23:12:55.916168');
INSERT INTO "friendly_id_slugs" VALUES(13,'well-you-said-you-wanted-to-be-around-when-i-made-a-mistake',8,'Thredded::Topic','messageboard_id:3','2016-11-17 23:12:55.946952');
INSERT INTO "friendly_id_slugs" VALUES(14,'that-is-why-you-fail',9,'Thredded::Topic','messageboard_id:3','2016-11-17 23:12:55.971497');
INSERT INTO "friendly_id_slugs" VALUES(15,'only-at-the-end-do-you-realize-the-power-of-the-dark-side',10,'Thredded::Topic','messageboard_id:4','2016-11-17 23:12:56.000544');
CREATE TABLE "thredded_categories" ("id" INTEGER PRIMARY KEY AUTOINCREMENT NOT NULL, "messageboard_id" integer NOT NULL, "name" varchar(191) NOT NULL, "description" varchar(255), "created_at" datetime NOT NULL, "updated_at" datetime NOT NULL, "slug" varchar(191) NOT NULL);
CREATE TABLE "thredded_messageboards" ("id" INTEGER PRIMARY KEY AUTOINCREMENT NOT NULL, "name" varchar(191) NOT NULL, "slug" varchar(191), "description" text, "topics_count" integer DEFAULT 0, "posts_count" integer DEFAULT 0, "position" integer NOT NULL, "last_topic_id" integer, "messageboard_group_id" integer, "created_at" datetime NOT NULL, "updated_at" datetime NOT NULL);
INSERT INTO "thredded_messageboards" VALUES(1,'Main Board','main-board','A board is not a board without some posts',5,19,1479424375,4,NULL,'2016-11-17 23:12:55.255182','2016-11-17 23:12:56.184891');
INSERT INTO "thredded_messageboards" VALUES(2,'Off-Topic','off-topic','Talk about whatever here, it''s all good.',1,1,1479424375,6,NULL,'2016-11-17 23:12:55.864129','2016-11-17 23:12:56.307109');
INSERT INTO "thredded_messageboards" VALUES(3,'Help, Bugs, and Suggestions','help-bugs-and-suggestions','Need help using the forum? Want to report a bug or make a suggestion? This is the place.',3,3,1479424375,9,1,'2016-11-17 23:12:55.892457','2016-11-17 23:12:56.314015');
INSERT INTO "thredded_messageboards" VALUES(4,'Praise','praise','Want to tell us how great we are? This is the place.',1,1,1479424375,10,1,'2016-11-17 23:12:55.985194','2016-11-17 23:12:56.327686');
CREATE TABLE "thredded_post_notifications" ("id" INTEGER PRIMARY KEY AUTOINCREMENT NOT NULL, "email" varchar(191) NOT NULL, "post_id" integer NOT NULL, "created_at" datetime NOT NULL, "updated_at" datetime NOT NULL, "post_type" varchar(191));
CREATE TABLE "thredded_posts" ("id" INTEGER PRIMARY KEY AUTOINCREMENT NOT NULL, "user_id" integer(4), "content" text(65535), "ip" varchar(255), "source" varchar(255) DEFAULT 'web', "postable_id" integer NOT NULL, "messageboard_id" integer NOT NULL, "moderation_state" integer NOT NULL, "created_at" datetime NOT NULL, "updated_at" datetime NOT NULL);
INSERT INTO "thredded_posts" VALUES(1,1,'Transmitting the panel won''t do anything, we need to quantify the multi-byte smtp bus!','127.0.0.1','web',1,1,1,'2016-11-17 03:05:57.582104','2016-11-17 03:05:57.582104');
INSERT INTO "thredded_posts" VALUES(2,6,'The RAM sensor is down, hack the redundant bandwidth so we can connect the PCI program!','127.0.0.1','web',1,1,1,'2016-11-17 07:09:04.582104','2016-11-17 07:09:04.582104');
INSERT INTO "thredded_posts" VALUES(3,2,'You can''t transmit the pixel without bypassing the wireless SSL firewall!','127.0.0.1','web',1,1,1,'2016-11-17 13:02:54.582104','2016-11-17 13:02:54.582104');
INSERT INTO "thredded_posts" VALUES(4,1,'You can''t quantify the alarm without synthesizing the back-end RSS sensor!','127.0.0.1','web',2,1,1,'2016-11-16 05:25:38.626341','2016-11-16 05:25:38.626341');
INSERT INTO "thredded_posts" VALUES(5,5,'I''ll synthesize the optical SCSI alarm, that should firewall the GB circuit!','127.0.0.1','web',2,1,1,'2016-11-16 06:15:56.626341','2016-11-16 06:15:56.626341');
INSERT INTO "thredded_posts" VALUES(6,5,'Calculating the matrix won''t do anything, we need to synthesize the cross-platform ssl matrix!','127.0.0.1','web',2,1,1,'2016-11-16 08:24:49.626341','2016-11-16 08:24:49.626341');
INSERT INTO "thredded_posts" VALUES(7,1,'You can''t connect the card without copying the 1080p ADP hard drive!','127.0.0.1','web',2,1,1,'2016-11-16 08:47:49.626341','2016-11-16 08:47:49.626341');
INSERT INTO "thredded_posts" VALUES(8,2,'I''ll input the optical USB transmitter, that should monitor the PNG hard drive!','127.0.0.1','web',2,1,1,'2016-11-16 09:32:02.626341','2016-11-16 09:32:02.626341');
INSERT INTO "thredded_posts" VALUES(9,3,'I''ll copy the online SSL firewall, that should firewall the JBOD program!','127.0.0.1','web',2,1,1,'2016-11-16 11:38:50.626341','2016-11-16 11:38:50.626341');
INSERT INTO "thredded_posts" VALUES(10,1,'Use the neural PNG protocol, then you can generate the online microchip!','127.0.0.1','web',3,1,1,'2016-11-17 06:55:58.675612','2016-11-17 06:55:58.675612');
INSERT INTO "thredded_posts" VALUES(11,4,'I''ll generate the optical HTTP sensor, that should matrix the JBOD program!','127.0.0.1','web',3,1,1,'2016-11-17 09:21:29.675612','2016-11-17 09:21:29.675612');
INSERT INTO "thredded_posts" VALUES(12,3,'We need to parse the mobile EXE feed!','127.0.0.1','web',3,1,1,'2016-11-17 09:46:27.675612','2016-11-17 09:46:27.675612');
INSERT INTO "thredded_posts" VALUES(13,6,'The PNG card is down, connect the primary pixel so we can compress the HDD alarm!','127.0.0.1','web',3,1,1,'2016-11-17 13:18:01.675612','2016-11-17 13:18:01.675612');
INSERT INTO "thredded_posts" VALUES(14,6,'I''ll override the virtual IB protocol, that should matrix the TCP firewall!','127.0.0.1','web',3,1,1,'2016-11-17 15:11:19.675612','2016-11-17 15:11:19.675612');
INSERT INTO "thredded_posts" VALUES(15,1,'Connecting the transmitter won''t do anything, we need to reboot the cross-platform ssl monitor!','127.0.0.1','web',4,1,1,'2016-11-17 04:52:56.706898','2016-11-17 04:52:56.706898');
INSERT INTO "thredded_posts" VALUES(16,1,'Use the cross-platform HTTP panel, then you can input the neural panel!','127.0.0.1','web',4,1,1,'2016-11-17 10:40:26.706898','2016-11-17 10:40:26.706898');
INSERT INTO "thredded_posts" VALUES(17,1,'I''ll hack the redundant PNG bandwidth, that should pixel the THX protocol!','127.0.0.1','web',4,1,1,'2016-11-17 14:28:36.706898','2016-11-17 14:28:36.706898');
INSERT INTO "thredded_posts" VALUES(18,4,'Programming the card won''t do anything, we need to generate the auxiliary tcp driver!','127.0.0.1','web',4,1,1,'2016-11-17 17:33:08.706898','2016-11-17 17:33:08.706898');
INSERT INTO "thredded_posts" VALUES(19,1,'If we index the circuit, we can get to the THX matrix through the open-source JSON microchip!','127.0.0.1','web',5,1,1,'2016-11-17 09:19:25.733171','2016-11-17 09:19:25.733171');
INSERT INTO "thredded_posts" VALUES(20,7,'I''ll calculate the wireless RAM alarm, that should card the SQL bus!','127.0.0.1','web',6,2,0,'2016-11-17 23:12:55.874953','2016-11-17 23:12:55.874953');
INSERT INTO "thredded_posts" VALUES(21,9,'You can''t index the alarm without generating the solid state USB application!','127.0.0.1','web',7,3,0,'2016-11-17 23:12:55.911860','2016-11-17 23:12:55.911860');
INSERT INTO "thredded_posts" VALUES(22,11,'Try to index the AI port, maybe it will parse the auxiliary application!','127.0.0.1','web',8,3,0,'2016-11-17 23:12:55.943045','2016-11-17 23:12:55.943045');
INSERT INTO "thredded_posts" VALUES(23,13,'We need to connect the 1080p PNG sensor!','127.0.0.1','web',9,3,0,'2016-11-17 23:12:55.965918','2016-11-17 23:12:55.965918');
INSERT INTO "thredded_posts" VALUES(24,15,'If we quantify the panel, we can get to the SDD sensor through the digital HTTP interface!','127.0.0.1','web',10,4,0,'2016-11-17 23:12:55.994603','2016-11-17 23:12:55.994603');
CREATE TABLE "thredded_private_posts" ("id" INTEGER PRIMARY KEY AUTOINCREMENT NOT NULL, "user_id" integer, "content" text(65535), "postable_id" integer NOT NULL, "ip" varchar(255), "created_at" datetime NOT NULL, "updated_at" datetime NOT NULL);
INSERT INTO "thredded_private_posts" VALUES(1,1,'Use the solid state COM capacitor, then you can synthesize the multi-byte monitor!',1,'127.0.0.1','2016-11-17 23:12:55.756949','2016-11-17 23:12:55.756949');
INSERT INTO "thredded_private_posts" VALUES(2,5,'We need to copy the open-source EXE protocol!',1,'127.0.0.1','2016-11-17 23:12:55.760531','2016-11-17 23:12:55.760531');
INSERT INTO "thredded_private_posts" VALUES(3,3,'Use the back-end AGP pixel, then you can input the wireless monitor!',2,'127.0.0.1','2016-11-17 23:12:55.763439','2016-11-17 23:12:55.763439');
INSERT INTO "thredded_private_posts" VALUES(4,5,'Use the bluetooth SQL system, then you can navigate the multi-byte transmitter!',2,'127.0.0.1','2016-11-17 23:12:55.766355','2016-11-17 23:12:55.766355');
INSERT INTO "thredded_private_posts" VALUES(5,4,'You can''t program the pixel without copying the neural ADP circuit!',2,'127.0.0.1','2016-11-17 23:12:55.769371','2016-11-17 23:12:55.769371');
INSERT INTO "thredded_private_posts" VALUES(6,1,'We need to program the open-source HTTP bus!',2,'127.0.0.1','2016-11-17 23:12:55.772673','2016-11-17 23:12:55.772673');
INSERT INTO "thredded_private_posts" VALUES(7,1,'If we transmit the driver, we can get to the JSON interface through the redundant IB array!',2,'127.0.0.1','2016-11-17 23:12:55.798486','2016-11-17 23:12:55.798486');
INSERT INTO "thredded_private_posts" VALUES(8,1,'Try to parse the SMS card, maybe it will bypass the back-end hard drive!',2,'127.0.0.1','2016-11-17 23:12:55.801924','2016-11-17 23:12:55.801924');
INSERT INTO "thredded_private_posts" VALUES(9,4,'The AGP pixel is down, transmit the neural protocol so we can synthesize the IB array!',3,'127.0.0.1','2016-11-17 23:12:55.807763','2016-11-17 23:12:55.807763');
INSERT INTO "thredded_private_posts" VALUES(10,3,'You can''t program the monitor without indexing the digital TCP panel!',3,'127.0.0.1','2016-11-17 23:12:55.811018','2016-11-17 23:12:55.811018');
INSERT INTO "thredded_private_posts" VALUES(11,1,'You can''t transmit the microchip without programming the multi-byte TCP matrix!',3,'127.0.0.1','2016-11-17 23:12:55.815338','2016-11-17 23:12:55.815338');
INSERT INTO "thredded_private_posts" VALUES(12,6,'Try to override the JSON bandwidth, maybe it will override the open-source bandwidth!',4,'127.0.0.1','2016-11-17 23:12:55.821857','2016-11-17 23:12:55.821857');
INSERT INTO "thredded_private_posts" VALUES(13,1,'Overriding the monitor won''t do anything, we need to calculate the open-source pci panel!',4,'127.0.0.1','2016-11-17 23:12:55.825761','2016-11-17 23:12:55.825761');
INSERT INTO "thredded_private_posts" VALUES(14,4,'Use the solid state PNG firewall, then you can back up the neural monitor!',4,'127.0.0.1','2016-11-17 23:12:55.828955','2016-11-17 23:12:55.828955');
INSERT INTO "thredded_private_posts" VALUES(15,5,'I''ll navigate the haptic USB panel, that should protocol the RAM protocol!',4,'127.0.0.1','2016-11-17 23:12:55.831762','2016-11-17 23:12:55.831762');
INSERT INTO "thredded_private_posts" VALUES(16,4,'Use the back-end THX firewall, then you can copy the optical bus!',5,'127.0.0.1','2016-11-17 23:12:55.834714','2016-11-17 23:12:55.834714');
INSERT INTO "thredded_private_posts" VALUES(17,5,'If we override the program, we can get to the SDD application through the back-end SMS firewall!',5,'127.0.0.1','2016-11-17 23:12:55.837668','2016-11-17 23:12:55.837668');
INSERT INTO "thredded_private_posts" VALUES(18,5,'If we parse the circuit, we can get to the IB transmitter through the online RSS panel!',5,'127.0.0.1','2016-11-17 23:12:55.840506','2016-11-17 23:12:55.840506');
INSERT INTO "thredded_private_posts" VALUES(19,2,'Try to hack the SQL feed, maybe it will input the 1080p transmitter!',5,'127.0.0.1','2016-11-17 23:12:55.844000','2016-11-17 23:12:55.844000');
INSERT INTO "thredded_private_posts" VALUES(20,2,'I''ll hack the open-source PNG pixel, that should capacitor the THX hard drive!',5,'127.0.0.1','2016-11-17 23:12:55.848252','2016-11-17 23:12:55.848252');
INSERT INTO "thredded_private_posts" VALUES(21,2,'We need to hack the redundant XSS array!',5,'127.0.0.1','2016-11-17 23:12:55.853366','2016-11-17 23:12:55.853366');
CREATE TABLE "thredded_private_topics" ("id" INTEGER PRIMARY KEY AUTOINCREMENT NOT NULL, "user_id" integer, "last_user_id" integer, "title" varchar(255) NOT NULL, "slug" varchar(191) NOT NULL, "posts_count" integer DEFAULT 0, "hash_id" varchar(191) NOT NULL, "last_post_at" datetime, "created_at" datetime NOT NULL, "updated_at" datetime NOT NULL);
INSERT INTO "thredded_private_topics" VALUES(1,3,5,'Est totam quaerat libero qui fuga nihil','est-totam-quaerat-libero-qui-fuga-nihil',2,'hash6','2016-11-17 23:12:55.760531','2016-11-17 23:12:55.519940','2016-11-17 23:12:56.265591');
INSERT INTO "thredded_private_topics" VALUES(2,3,1,'Illum sit fugiat assumenda error','illum-sit-fugiat-assumenda-error',6,'hash7','2016-11-17 23:12:55.801924','2016-11-17 23:12:55.532825','2016-11-17 23:12:56.273693');
INSERT INTO "thredded_private_topics" VALUES(3,3,1,'Ad numquam quas iure','ad-numquam-quas-iure',3,'hash8','2016-11-17 23:12:55.815338','2016-11-17 23:12:55.544634','2016-11-17 23:12:56.277802');
INSERT INTO "thredded_private_topics" VALUES(4,3,5,'Quo sint et similique et neque doloribus fuga consequuntur','quo-sint-et-similique-et-neque-doloribus-fuga-consequuntur',4,'hash9','2016-11-17 23:12:55.831762','2016-11-17 23:12:55.561340','2016-11-17 23:12:56.283953');
INSERT INTO "thredded_private_topics" VALUES(5,3,2,'Placeat est aperiam temporibus soluta earum non','placeat-est-aperiam-temporibus-soluta-earum-non',6,'hash10','2016-11-17 23:12:55.853366','2016-11-17 23:12:55.574381','2016-11-17 23:12:56.292070');
CREATE TABLE "thredded_private_users" ("id" INTEGER PRIMARY KEY AUTOINCREMENT NOT NULL, "private_topic_id" integer(4), "user_id" integer(4), "created_at" datetime NOT NULL, "updated_at" datetime NOT NULL);
INSERT INTO "thredded_private_users" VALUES(1,1,1,'2016-11-17 23:12:55.520924','2016-11-17 23:12:55.520924');
INSERT INTO "thredded_private_users" VALUES(2,1,3,'2016-11-17 23:12:55.521650','2016-11-17 23:12:55.521650');
INSERT INTO "thredded_private_users" VALUES(3,2,1,'2016-11-17 23:12:55.533635','2016-11-17 23:12:55.533635');
INSERT INTO "thredded_private_users" VALUES(4,2,3,'2016-11-17 23:12:55.534300','2016-11-17 23:12:55.534300');
INSERT INTO "thredded_private_users" VALUES(5,3,1,'2016-11-17 23:12:55.545406','2016-11-17 23:12:55.545406');
INSERT INTO "thredded_private_users" VALUES(6,3,3,'2016-11-17 23:12:55.546058','2016-11-17 23:12:55.546058');
INSERT INTO "thredded_private_users" VALUES(7,4,1,'2016-11-17 23:12:55.562497','2016-11-17 23:12:55.562497');
INSERT INTO "thredded_private_users" VALUES(8,4,3,'2016-11-17 23:12:55.563316','2016-11-17 23:12:55.563316');
INSERT INTO "thredded_private_users" VALUES(9,5,1,'2016-11-17 23:12:55.575160','2016-11-17 23:12:55.575160');
INSERT INTO "thredded_private_users" VALUES(10,5,3,'2016-11-17 23:12:55.576234','2016-11-17 23:12:55.576234');
CREATE TABLE "thredded_topic_categories" ("id" INTEGER PRIMARY KEY AUTOINCREMENT NOT NULL, "topic_id" integer NOT NULL, "category_id" integer NOT NULL);
CREATE TABLE "thredded_topics" ("id" INTEGER PRIMARY KEY AUTOINCREMENT NOT NULL, "user_id" integer, "last_user_id" integer, "title" varchar(255) NOT NULL, "slug" varchar(191) NOT NULL, "messageboard_id" integer NOT NULL, "posts_count" integer DEFAULT 0 NOT NULL, "sticky" boolean DEFAULT 'f' NOT NULL, "locked" boolean DEFAULT 'f' NOT NULL, "hash_id" varchar(191) NOT NULL, "type" varchar(191), "moderation_state" integer NOT NULL, "last_post_at" datetime, "created_at" datetime NOT NULL, "updated_at" datetime NOT NULL);
INSERT INTO "thredded_topics" VALUES(1,1,2,'You''ll find I''m full of surprises!','you-ll-find-i-m-full-of-surprises',1,3,'f','f','hash1',NULL,1,'2016-11-17 13:02:54.582104','2016-11-17 23:12:55.411857','2016-11-17 23:12:56.190995');
INSERT INTO "thredded_topics" VALUES(2,1,3,'Shut him up or shut him down.','shut-him-up-or-shut-him-down',1,6,'f','f','hash2',NULL,1,'2016-11-16 11:38:50.626341','2016-11-17 23:12:55.440607','2016-11-17 23:12:56.224279');
INSERT INTO "thredded_topics" VALUES(3,1,6,'That is why you fail.','that-is-why-you-fail',1,5,'f','f','hash3',NULL,1,'2016-11-17 15:11:19.675612','2016-11-17 23:12:55.453959','2016-11-17 23:12:56.244910');
INSERT INTO "thredded_topics" VALUES(4,1,4,'You are unwise to lower your defenses!','you-are-unwise-to-lower-your-defenses',1,4,'f','f','hash4',NULL,1,'2016-11-17 17:33:08.706898','2016-11-17 23:12:55.466717','2016-11-17 23:12:56.257795');
INSERT INTO "thredded_topics" VALUES(5,1,1,'Truly wonderful, the mind of a child is.','truly-wonderful-the-mind-of-a-child-is',1,1,'f','f','hash5',NULL,1,'2016-11-17 09:19:25.733171','2016-11-17 23:12:55.479056','2016-11-17 23:12:56.261456');
INSERT INTO "thredded_topics" VALUES(6,7,7,'I find your lack of faith disturbing.','i-find-your-lack-of-faith-disturbing',2,1,'f','f','hash11',NULL,0,'2016-11-17 23:12:55.874953','2016-11-17 23:12:55.874953','2016-11-17 23:12:56.294722');
INSERT INTO "thredded_topics" VALUES(7,9,9,'You do have your moments. Not many, but you have them.','you-do-have-your-moments-not-many-but-you-have-them',3,1,'f','f','hash12',NULL,0,'2016-11-17 23:12:55.911860','2016-11-17 23:12:55.911860','2016-11-17 23:12:56.310417');
INSERT INTO "thredded_topics" VALUES(8,11,11,'Well, you said you wanted to be around when I made a mistake.','well-you-said-you-wanted-to-be-around-when-i-made-a-mistake',3,1,'f','f','hash13',NULL,0,'2016-11-17 23:12:55.943045','2016-11-17 23:12:55.943045','2016-11-17 23:12:56.317689');
INSERT INTO "thredded_topics" VALUES(9,13,13,'That is why you fail.','that-is-why-you-fail',3,1,'f','f','hash14',NULL,0,'2016-11-17 23:12:55.965918','2016-11-17 23:12:55.965918','2016-11-17 23:12:56.320928');
INSERT INTO "thredded_topics" VALUES(10,15,15,'Only at the end do you realize the power of the Dark Side.','only-at-the-end-do-you-realize-the-power-of-the-dark-side',4,1,'f','f','hash15',NULL,0,'2016-11-17 23:12:55.994603','2016-11-17 23:12:55.994603','2016-11-17 23:12:56.324093');
CREATE TABLE "thredded_user_details" ("id" INTEGER PRIMARY KEY AUTOINCREMENT NOT NULL, "user_id" integer NOT NULL, "latest_activity_at" datetime, "posts_count" integer DEFAULT 0, "topics_count" integer DEFAULT 0, "last_seen_at" datetime, "moderation_state" integer DEFAULT 0 NOT NULL, "moderation_state_changed_at" datetime, "created_at" datetime NOT NULL, "updated_at" datetime NOT NULL);
INSERT INTO "thredded_user_details" VALUES(1,1,NULL,8,5,NULL,1,'2016-11-17 23:12:54.807131','2016-11-17 23:12:54.807268','2016-11-17 23:12:54.807268');
INSERT INTO "thredded_user_details" VALUES(2,2,NULL,2,0,NULL,1,'2016-11-17 23:12:55.228703','2016-11-17 23:12:55.228776','2016-11-17 23:12:55.228776');
INSERT INTO "thredded_user_details" VALUES(3,3,NULL,2,0,NULL,1,'2016-11-17 23:12:55.232638','2016-11-17 23:12:55.232691','2016-11-17 23:12:55.232691');
INSERT INTO "thredded_user_details" VALUES(4,4,NULL,2,0,NULL,1,'2016-11-17 23:12:55.236151','2016-11-17 23:12:55.236205','2016-11-17 23:12:55.236205');
INSERT INTO "thredded_user_details" VALUES(5,5,NULL,2,0,NULL,1,'2016-11-17 23:12:55.239565','2016-11-17 23:12:55.239616','2016-11-17 23:12:55.239616');
INSERT INTO "thredded_user_details" VALUES(6,6,NULL,3,0,NULL,1,'2016-11-17 23:12:55.243059','2016-11-17 23:12:55.243111','2016-11-17 23:12:55.243111');
INSERT INTO "thredded_user_details" VALUES(7,7,NULL,1,1,NULL,0,NULL,'2016-11-17 23:12:55.874313','2016-11-17 23:12:55.874313');
INSERT INTO "thredded_user_details" VALUES(8,9,NULL,1,1,NULL,0,NULL,'2016-11-17 23:12:55.911038','2016-11-17 23:12:55.911038');
INSERT INTO "thredded_user_details" VALUES(9,11,NULL,1,1,NULL,0,NULL,'2016-11-17 23:12:55.942388','2016-11-17 23:12:55.942388');
INSERT INTO "thredded_user_details" VALUES(10,13,NULL,1,1,NULL,0,NULL,'2016-11-17 23:12:55.964284','2016-11-17 23:12:55.964284');
INSERT INTO "thredded_user_details" VALUES(11,15,NULL,1,1,NULL,0,NULL,'2016-11-17 23:12:55.993846','2016-11-17 23:12:55.993846');
CREATE TABLE "thredded_messageboard_users" ("id" INTEGER PRIMARY KEY AUTOINCREMENT NOT NULL, "thredded_user_detail_id" integer NOT NULL, "thredded_messageboard_id" integer NOT NULL, "last_seen_at" datetime NOT NULL);
CREATE TABLE "thredded_user_preferences" ("id" INTEGER PRIMARY KEY AUTOINCREMENT NOT NULL, "user_id" integer NOT NULL, "follow_topics_on_mention" boolean DEFAULT 't' NOT NULL, "notify_on_message" boolean DEFAULT 't' NOT NULL, "followed_topic_emails" boolean DEFAULT 't' NOT NULL, "created_at" datetime NOT NULL, "updated_at" datetime NOT NULL);
CREATE TABLE "thredded_user_messageboard_preferences" ("id" INTEGER PRIMARY KEY AUTOINCREMENT NOT NULL, "user_id" integer NOT NULL, "messageboard_id" integer NOT NULL, "follow_topics_on_mention" boolean DEFAULT 't' NOT NULL, "followed_topic_emails" boolean DEFAULT 't' NOT NULL, "created_at" datetime NOT NULL, "updated_at" datetime NOT NULL);
CREATE TABLE "thredded_user_topic_read_states" ("id" INTEGER PRIMARY KEY AUTOINCREMENT NOT NULL, "user_id" integer NOT NULL, "postable_id" integer NOT NULL, "page" integer DEFAULT 1 NOT NULL, "read_at" datetime NOT NULL);
INSERT INTO "thredded_user_topic_read_states" VALUES(1,2,1,1,'2016-11-17 13:02:54.582104');
INSERT INTO "thredded_user_topic_read_states" VALUES(2,3,2,1,'2016-11-16 11:38:50.626341');
INSERT INTO "thredded_user_topic_read_states" VALUES(3,6,3,1,'2016-11-17 15:11:19.675612');
INSERT INTO "thredded_user_topic_read_states" VALUES(4,4,4,1,'2016-11-17 17:33:08.706898');
INSERT INTO "thredded_user_topic_read_states" VALUES(5,1,5,1,'2016-11-17 09:19:25.733171');
INSERT INTO "thredded_user_topic_read_states" VALUES(6,1,2,1,'2016-11-16 11:38:50.626341');
INSERT INTO "thredded_user_topic_read_states" VALUES(7,1,4,1,'2016-11-17 17:33:08.706898');
INSERT INTO "thredded_user_topic_read_states" VALUES(8,1,3,1,'2016-11-17 15:11:19.675612');
INSERT INTO "thredded_user_topic_read_states" VALUES(9,1,1,1,'2016-11-17 13:02:54.582104');
INSERT INTO "thredded_user_topic_read_states" VALUES(10,6,1,1,'2016-11-17 13:02:54.582104');
INSERT INTO "thredded_user_topic_read_states" VALUES(11,6,4,1,'2016-11-17 17:33:08.706898');
INSERT INTO "thredded_user_topic_read_states" VALUES(12,6,5,1,'2016-11-17 09:19:25.733171');
INSERT INTO "thredded_user_topic_read_states" VALUES(13,6,2,1,'2016-11-16 11:38:50.626341');
INSERT INTO "thredded_user_topic_read_states" VALUES(14,2,2,1,'2016-11-16 11:38:50.626341');
INSERT INTO "thredded_user_topic_read_states" VALUES(15,2,3,1,'2016-11-17 15:11:19.675612');
INSERT INTO "thredded_user_topic_read_states" VALUES(16,2,5,1,'2016-11-17 09:19:25.733171');
INSERT INTO "thredded_user_topic_read_states" VALUES(17,2,4,1,'2016-11-17 17:33:08.706898');
INSERT INTO "thredded_user_topic_read_states" VALUES(18,3,3,1,'2016-11-17 15:11:19.675612');
INSERT INTO "thredded_user_topic_read_states" VALUES(19,3,5,1,'2016-11-17 09:19:25.733171');
INSERT INTO "thredded_user_topic_read_states" VALUES(20,3,4,1,'2016-11-17 17:33:08.706898');
INSERT INTO "thredded_user_topic_read_states" VALUES(21,3,1,1,'2016-11-17 13:02:54.582104');
INSERT INTO "thredded_user_topic_read_states" VALUES(22,5,5,1,'2016-11-17 09:19:25.733171');
INSERT INTO "thredded_user_topic_read_states" VALUES(23,5,3,1,'2016-11-17 15:11:19.675612');
INSERT INTO "thredded_user_topic_read_states" VALUES(24,5,1,1,'2016-11-17 13:02:54.582104');
INSERT INTO "thredded_user_topic_read_states" VALUES(25,5,4,1,'2016-11-17 17:33:08.706898');
INSERT INTO "thredded_user_topic_read_states" VALUES(26,5,2,1,'2016-11-16 11:38:50.626341');
CREATE TABLE "thredded_user_private_topic_read_states" ("id" INTEGER PRIMARY KEY AUTOINCREMENT NOT NULL, "user_id" integer NOT NULL, "postable_id" integer NOT NULL, "page" integer DEFAULT 1 NOT NULL, "read_at" datetime NOT NULL);
CREATE TABLE "thredded_messageboard_groups" ("id" INTEGER PRIMARY KEY AUTOINCREMENT NOT NULL, "name" varchar, "position" integer NOT NULL, "created_at" datetime NOT NULL, "updated_at" datetime NOT NULL);
INSERT INTO "thredded_messageboard_groups" VALUES(1,'Meta',1479424375,'2016-11-17 23:12:55.861170','2016-11-17 23:12:55.861170');
CREATE TABLE "thredded_user_topic_follows" ("id" INTEGER PRIMARY KEY AUTOINCREMENT NOT NULL, "user_id" integer NOT NULL, "topic_id" integer NOT NULL, "created_at" datetime NOT NULL, "reason" integer(1));
INSERT INTO "thredded_user_topic_follows" VALUES(1,1,1,'2016-11-17 23:12:56.017366',1);
INSERT INTO "thredded_user_topic_follows" VALUES(2,6,1,'2016-11-17 23:12:56.019159',1);
INSERT INTO "thredded_user_topic_follows" VALUES(3,2,1,'2016-11-17 23:12:56.020520',1);
INSERT INTO "thredded_user_topic_follows" VALUES(4,1,2,'2016-11-17 23:12:56.021858',1);
INSERT INTO "thredded_user_topic_follows" VALUES(5,5,2,'2016-11-17 23:12:56.023233',1);
INSERT INTO "thredded_user_topic_follows" VALUES(6,2,2,'2016-11-17 23:12:56.025811',1);
INSERT INTO "thredded_user_topic_follows" VALUES(7,3,2,'2016-11-17 23:12:56.027861',1);
INSERT INTO "thredded_user_topic_follows" VALUES(8,1,3,'2016-11-17 23:12:56.029522',1);
INSERT INTO "thredded_user_topic_follows" VALUES(9,4,3,'2016-11-17 23:12:56.030866',1);
INSERT INTO "thredded_user_topic_follows" VALUES(10,3,3,'2016-11-17 23:12:56.032293',1);
INSERT INTO "thredded_user_topic_follows" VALUES(11,6,3,'2016-11-17 23:12:56.033627',1);
INSERT INTO "thredded_user_topic_follows" VALUES(12,1,4,'2016-11-17 23:12:56.035980',1);
INSERT INTO "thredded_user_topic_follows" VALUES(13,4,4,'2016-11-17 23:12:56.038405',1);
INSERT INTO "thredded_user_topic_follows" VALUES(14,1,5,'2016-11-17 23:12:56.039663',1);
INSERT INTO "thredded_user_topic_follows" VALUES(15,4,5,'2016-11-17 23:12:56.043818',0);
INSERT INTO "thredded_user_topic_follows" VALUES(16,4,2,'2016-11-17 23:12:56.045244',0);
INSERT INTO "thredded_user_topic_follows" VALUES(17,4,1,'2016-11-17 23:12:56.054698',0);
INSERT INTO "thredded_user_topic_follows" VALUES(18,3,1,'2016-11-17 23:12:56.064270',0);
INSERT INTO "thredded_user_topic_follows" VALUES(19,3,5,'2016-11-17 23:12:56.066171',0);
INSERT INTO "thredded_user_topic_follows" VALUES(20,3,4,'2016-11-17 23:12:56.069665',0);
CREATE TABLE "thredded_post_moderation_records" ("id" INTEGER PRIMARY KEY AUTOINCREMENT NOT NULL, "post_id" integer, "messageboard_id" integer, "post_content" text(65535), "post_user_id" integer, "post_user_name" text, "moderator_id" integer, "moderation_state" integer NOT NULL, "previous_moderation_state" integer NOT NULL, "created_at" datetime NOT NULL);
DELETE FROM sqlite_sequence;
INSERT INTO "sqlite_sequence" VALUES('users',16);
INSERT INTO "sqlite_sequence" VALUES('thredded_user_details',11);
INSERT INTO "sqlite_sequence" VALUES('thredded_messageboards',4);
INSERT INTO "sqlite_sequence" VALUES('thredded_topics',10);
INSERT INTO "sqlite_sequence" VALUES('friendly_id_slugs',15);
INSERT INTO "sqlite_sequence" VALUES('thredded_private_topics',5);
INSERT INTO "sqlite_sequence" VALUES('thredded_private_users',10);
INSERT INTO "sqlite_sequence" VALUES('thredded_posts',24);
INSERT INTO "sqlite_sequence" VALUES('thredded_private_posts',21);
INSERT INTO "sqlite_sequence" VALUES('thredded_messageboard_groups',1);
INSERT INTO "sqlite_sequence" VALUES('thredded_user_topic_follows',20);
INSERT INTO "sqlite_sequence" VALUES('thredded_user_topic_read_states',26);
CREATE INDEX name_nocase ON "users" ("name" COLLATE NOCASE);
CREATE UNIQUE INDEX "index_friendly_id_slugs_on_slug_and_sluggable_type_and_scope" ON "friendly_id_slugs" ("slug", "sluggable_type", "scope");
CREATE INDEX "index_friendly_id_slugs_on_slug_and_sluggable_type" ON "friendly_id_slugs" ("slug", "sluggable_type");
CREATE INDEX "index_friendly_id_slugs_on_sluggable_id" ON "friendly_id_slugs" ("sluggable_id");
CREATE INDEX "index_friendly_id_slugs_on_sluggable_type" ON "friendly_id_slugs" ("sluggable_type");
CREATE UNIQUE INDEX "index_thredded_categories_on_messageboard_id_and_slug" ON "thredded_categories" ("messageboard_id", "slug");
CREATE INDEX "index_thredded_categories_on_messageboard_id" ON "thredded_categories" ("messageboard_id");
CREATE INDEX thredded_categories_name_ci ON "thredded_categories" ("name" COLLATE NOCASE);
CREATE INDEX "index_thredded_messageboards_on_messageboard_group_id" ON "thredded_messageboards" ("messageboard_group_id");
CREATE INDEX "index_thredded_messageboards_on_slug" ON "thredded_messageboards" ("slug");
CREATE INDEX "index_thredded_post_notifications_on_post" ON "thredded_post_notifications" ("post_id", "post_type");
CREATE INDEX "index_thredded_posts_for_display" ON "thredded_posts" ("moderation_state", "updated_at" ASC);
CREATE INDEX "index_thredded_posts_on_messageboard_id" ON "thredded_posts" ("messageboard_id");
CREATE INDEX "index_thredded_posts_on_postable_id_and_postable_type" ON "thredded_posts" ("postable_id");
CREATE INDEX "index_thredded_posts_on_user_id" ON "thredded_posts" ("user_id");
CREATE INDEX "index_thredded_private_topics_on_hash_id" ON "thredded_private_topics" ("hash_id");
CREATE INDEX "index_thredded_private_topics_on_slug" ON "thredded_private_topics" ("slug");
CREATE INDEX "index_thredded_private_users_on_private_topic_id" ON "thredded_private_users" ("private_topic_id");
CREATE INDEX "index_thredded_private_users_on_user_id" ON "thredded_private_users" ("user_id");
CREATE INDEX "index_thredded_topic_categories_on_category_id" ON "thredded_topic_categories" ("category_id");
CREATE INDEX "index_thredded_topic_categories_on_topic_id" ON "thredded_topic_categories" ("topic_id");
CREATE INDEX "index_thredded_topics_for_display" ON "thredded_topics" ("moderation_state", "sticky" DESC, "updated_at" DESC);
CREATE INDEX "index_thredded_topics_on_hash_id" ON "thredded_topics" ("hash_id");
CREATE UNIQUE INDEX "index_thredded_topics_on_messageboard_id_and_slug" ON "thredded_topics" ("messageboard_id", "slug");
CREATE INDEX "index_thredded_topics_on_messageboard_id" ON "thredded_topics" ("messageboard_id");
CREATE INDEX "index_thredded_topics_on_user_id" ON "thredded_topics" ("user_id");
CREATE INDEX "index_thredded_user_details_for_moderations" ON "thredded_user_details" ("moderation_state", "moderation_state_changed_at" DESC);
CREATE INDEX "index_thredded_user_details_on_latest_activity_at" ON "thredded_user_details" ("latest_activity_at");
CREATE INDEX "index_thredded_user_details_on_user_id" ON "thredded_user_details" ("user_id");
CREATE INDEX "index_thredded_messageboard_users_primary" ON "thredded_messageboard_users" ("thredded_messageboard_id", "thredded_user_detail_id");
CREATE INDEX "index_thredded_messageboard_users_for_recently_active" ON "thredded_messageboard_users" ("thredded_messageboard_id", "last_seen_at");
CREATE INDEX "index_thredded_user_preferences_on_user_id" ON "thredded_user_preferences" ("user_id");
CREATE UNIQUE INDEX "thredded_user_messageboard_preferences_user_id_messageboard_id" ON "thredded_user_messageboard_preferences" ("user_id", "messageboard_id");
CREATE UNIQUE INDEX "thredded_user_topic_read_states_user_postable" ON "thredded_user_topic_read_states" ("user_id", "postable_id");
CREATE UNIQUE INDEX "thredded_user_private_topic_read_states_user_postable" ON "thredded_user_private_topic_read_states" ("user_id", "postable_id");
CREATE UNIQUE INDEX "thredded_user_topic_follows_user_topic" ON "thredded_user_topic_follows" ("user_id", "topic_id");
CREATE INDEX "index_thredded_moderation_records_for_display" ON "thredded_post_moderation_records" ("messageboard_id", "created_at" DESC);
COMMIT;
