-- MySQL dump 10.13  Distrib 5.7.11, for osx10.11 (x86_64)
--
-- Host: localhost    Database: thredded_gem_dev
-- ------------------------------------------------------
-- Server version	5.7.11

/*!40101 SET @OLD_CHARACTER_SET_CLIENT=@@CHARACTER_SET_CLIENT */;
/*!40101 SET @OLD_CHARACTER_SET_RESULTS=@@CHARACTER_SET_RESULTS */;
/*!40101 SET @OLD_COLLATION_CONNECTION=@@COLLATION_CONNECTION */;
/*!40101 SET NAMES utf8 */;
/*!40103 SET @OLD_TIME_ZONE=@@TIME_ZONE */;
/*!40103 SET TIME_ZONE='+00:00' */;
/*!40014 SET @OLD_UNIQUE_CHECKS=@@UNIQUE_CHECKS, UNIQUE_CHECKS=0 */;
/*!40014 SET @OLD_FOREIGN_KEY_CHECKS=@@FOREIGN_KEY_CHECKS, FOREIGN_KEY_CHECKS=0 */;
/*!40101 SET @OLD_SQL_MODE=@@SQL_MODE, SQL_MODE='NO_AUTO_VALUE_ON_ZERO' */;
/*!40111 SET @OLD_SQL_NOTES=@@SQL_NOTES, SQL_NOTES=0 */;

--
-- Table structure for table `ar_internal_metadata`
--

DROP TABLE IF EXISTS `ar_internal_metadata`;
/*!40101 SET @saved_cs_client     = @@character_set_client */;
/*!40101 SET character_set_client = utf8 */;
CREATE TABLE `ar_internal_metadata` (
  `key` varchar(255) CHARACTER SET utf8 COLLATE utf8_unicode_ci NOT NULL,
  `value` varchar(255) COLLATE utf8mb4_unicode_ci DEFAULT NULL,
  `created_at` datetime NOT NULL,
  `updated_at` datetime NOT NULL,
  PRIMARY KEY (`key`)
) ENGINE=InnoDB DEFAULT CHARSET=utf8mb4 COLLATE=utf8mb4_unicode_ci;
/*!40101 SET character_set_client = @saved_cs_client */;

--
-- Dumping data for table `ar_internal_metadata`
--

LOCK TABLES `ar_internal_metadata` WRITE;
/*!40000 ALTER TABLE `ar_internal_metadata` DISABLE KEYS */;
INSERT INTO `ar_internal_metadata` VALUES ('environment','development','2016-11-17 23:13:17','2016-11-17 23:13:17');
/*!40000 ALTER TABLE `ar_internal_metadata` ENABLE KEYS */;
UNLOCK TABLES;

--
-- Table structure for table `friendly_id_slugs`
--

DROP TABLE IF EXISTS `friendly_id_slugs`;
/*!40101 SET @saved_cs_client     = @@character_set_client */;
/*!40101 SET character_set_client = utf8 */;
CREATE TABLE `friendly_id_slugs` (
  `id` int(11) NOT NULL AUTO_INCREMENT,
  `slug` varchar(191) COLLATE utf8mb4_unicode_ci NOT NULL,
  `sluggable_id` int(11) NOT NULL,
  `sluggable_type` varchar(50) COLLATE utf8mb4_unicode_ci DEFAULT NULL,
  `scope` varchar(191) COLLATE utf8mb4_unicode_ci DEFAULT NULL,
  `created_at` datetime NOT NULL,
  PRIMARY KEY (`id`),
  UNIQUE KEY `index_friendly_id_slugs_on_slug_and_sluggable_type_and_scope` (`slug`,`sluggable_type`,`scope`),
  KEY `index_friendly_id_slugs_on_slug_and_sluggable_type` (`slug`,`sluggable_type`),
  KEY `index_friendly_id_slugs_on_sluggable_id` (`sluggable_id`),
  KEY `index_friendly_id_slugs_on_sluggable_type` (`sluggable_type`)
) ENGINE=InnoDB AUTO_INCREMENT=16 DEFAULT CHARSET=utf8mb4 COLLATE=utf8mb4_unicode_ci;
/*!40101 SET character_set_client = @saved_cs_client */;

--
-- Dumping data for table `friendly_id_slugs`
--

LOCK TABLES `friendly_id_slugs` WRITE;
/*!40000 ALTER TABLE `friendly_id_slugs` DISABLE KEYS */;
INSERT INTO `friendly_id_slugs` VALUES (1,'i-have-a-bad-feeling-about-this',1,'Thredded::Topic','messageboard_id:1','2016-11-17 23:13:18'),(2,'strike-me-down-and-i-will-become-more-powerful-than-you-could-possibly-imagine',2,'Thredded::Topic','messageboard_id:1','2016-11-17 23:13:18'),(3,'i-find-your-lack-of-faith-disturbing',3,'Thredded::Topic','messageboard_id:1','2016-11-17 23:13:18'),(4,'aren-t-you-a-little-short-for-a-stormtrooper',4,'Thredded::Topic','messageboard_id:1','2016-11-17 23:13:18'),(5,'strike-me-down-and-i-will-become-more-powerful-than-you-could-possibly-imagine-topic',5,'Thredded::Topic','messageboard_id:1','2016-11-17 23:13:18'),(6,'rerum-accusantium-atque-facilis-sit',1,'Thredded::PrivateTopic',NULL,'2016-11-17 23:13:18'),(7,'fugit-placeat-sequi-et-veniam-modi',2,'Thredded::PrivateTopic',NULL,'2016-11-17 23:13:18'),(8,'reprehenderit-quam-consequuntur-est',3,'Thredded::PrivateTopic',NULL,'2016-11-17 23:13:19'),(9,'libero-voluptas-ipsam-excepturi-inventore-aut-illo-culpa',4,'Thredded::PrivateTopic',NULL,'2016-11-17 23:13:19'),(10,'aut-aut-placeat-perspiciatis-recusandae-quasi-et',5,'Thredded::PrivateTopic',NULL,'2016-11-17 23:13:19'),(11,'now-witness-the-power-of-this-fully-operational-battle-station',6,'Thredded::Topic','messageboard_id:2','2016-11-17 23:13:19'),(12,'r2-d2-you-know-better-than-to-trust-a-strange-computer',7,'Thredded::Topic','messageboard_id:3','2016-11-17 23:13:19'),(13,'a-jedi-uses-the-force-for-knowledge-and-defense-never-for-attack',8,'Thredded::Topic','messageboard_id:3','2016-11-17 23:13:19'),(14,'it-s-not-impossible-i-used-to-bullseye-womp-rats-in-my-t-16-back-home-they-re-not-much-bigger-than-two-meters',9,'Thredded::Topic','messageboard_id:3','2016-11-17 23:13:19'),(15,'fear-is-the-path-to-the-dark-side-fear-leads-to-anger-anger-leads-to-hate-hate-leads-to-suffering',10,'Thredded::Topic','messageboard_id:4','2016-11-17 23:13:19');
/*!40000 ALTER TABLE `friendly_id_slugs` ENABLE KEYS */;
UNLOCK TABLES;

--
-- Table structure for table `schema_migrations`
--

DROP TABLE IF EXISTS `schema_migrations`;
/*!40101 SET @saved_cs_client     = @@character_set_client */;
/*!40101 SET character_set_client = utf8 */;
CREATE TABLE `schema_migrations` (
  `version` varchar(255) CHARACTER SET utf8 COLLATE utf8_unicode_ci NOT NULL,
  PRIMARY KEY (`version`)
) ENGINE=InnoDB DEFAULT CHARSET=utf8mb4 COLLATE=utf8mb4_unicode_ci;
/*!40101 SET character_set_client = @saved_cs_client */;

--
-- Dumping data for table `schema_migrations`
--

LOCK TABLES `schema_migrations` WRITE;
/*!40000 ALTER TABLE `schema_migrations` DISABLE KEYS */;
INSERT INTO `schema_migrations` VALUES ('20130430210842'),('20160308104204'),('20160329231848');
/*!40000 ALTER TABLE `schema_migrations` ENABLE KEYS */;
UNLOCK TABLES;

--
-- Table structure for table `thredded_categories`
--

DROP TABLE IF EXISTS `thredded_categories`;
/*!40101 SET @saved_cs_client     = @@character_set_client */;
/*!40101 SET character_set_client = utf8 */;
CREATE TABLE `thredded_categories` (
  `id` int(11) NOT NULL AUTO_INCREMENT,
  `messageboard_id` int(11) NOT NULL,
  `name` varchar(191) COLLATE utf8mb4_unicode_ci NOT NULL,
  `description` varchar(255) COLLATE utf8mb4_unicode_ci DEFAULT NULL,
  `created_at` datetime NOT NULL,
  `updated_at` datetime NOT NULL,
  `slug` varchar(191) CHARSET utf8mb4 COLLATE utf8mb4_unicode_ci NOT NULL,
  PRIMARY KEY (`id`),
  UNIQUE KEY `index_thredded_categories_on_messageboard_id_and_slug` (`messageboard_id`,`slug`),
  KEY `index_thredded_categories_on_messageboard_id` (`messageboard_id`),
  KEY `thredded_categories_name_ci` (`name`)
) ENGINE=InnoDB DEFAULT CHARSET=utf8mb4 COLLATE=utf8mb4_unicode_ci;
/*!40101 SET character_set_client = @saved_cs_client */;

--
-- Dumping data for table `thredded_categories`
--

LOCK TABLES `thredded_categories` WRITE;
/*!40000 ALTER TABLE `thredded_categories` DISABLE KEYS */;
/*!40000 ALTER TABLE `thredded_categories` ENABLE KEYS */;
UNLOCK TABLES;

--
-- Table structure for table `thredded_messageboard_groups`
--

DROP TABLE IF EXISTS `thredded_messageboard_groups`;
/*!40101 SET @saved_cs_client     = @@character_set_client */;
/*!40101 SET character_set_client = utf8 */;
CREATE TABLE `thredded_messageboard_groups` (
  `id` int(11) NOT NULL AUTO_INCREMENT,
  `name` varchar(255) COLLATE utf8mb4_unicode_ci DEFAULT NULL,
  `position` int(11) NOT NULL,
  `created_at` datetime NOT NULL,
  `updated_at` datetime NOT NULL,
  PRIMARY KEY (`id`)
) ENGINE=InnoDB AUTO_INCREMENT=2 DEFAULT CHARSET=utf8mb4 COLLATE=utf8mb4_unicode_ci;
/*!40101 SET character_set_client = @saved_cs_client */;

--
-- Dumping data for table `thredded_messageboard_groups`
--

LOCK TABLES `thredded_messageboard_groups` WRITE;
/*!40000 ALTER TABLE `thredded_messageboard_groups` DISABLE KEYS */;
INSERT INTO `thredded_messageboard_groups` VALUES (1,'Meta',1479424399,'2016-11-17 23:13:19','2016-11-17 23:13:19');
/*!40000 ALTER TABLE `thredded_messageboard_groups` ENABLE KEYS */;
UNLOCK TABLES;

--
-- Table structure for table `thredded_messageboard_users`
--

DROP TABLE IF EXISTS `thredded_messageboard_users`;
/*!40101 SET @saved_cs_client     = @@character_set_client */;
/*!40101 SET character_set_client = utf8 */;
CREATE TABLE `thredded_messageboard_users` (
  `id` int(11) NOT NULL AUTO_INCREMENT,
  `thredded_user_detail_id` int(11) NOT NULL,
  `thredded_messageboard_id` int(11) NOT NULL,
  `last_seen_at` datetime NOT NULL,
  PRIMARY KEY (`id`),
  KEY `index_thredded_messageboard_users_primary` (`thredded_messageboard_id`,`thredded_user_detail_id`),
  KEY `index_thredded_messageboard_users_for_recently_active` (`thredded_messageboard_id`,`last_seen_at`),
  KEY `fk_rails_06e42c62f5` (`thredded_user_detail_id`),
  CONSTRAINT `fk_rails_06e42c62f5` FOREIGN KEY (`thredded_user_detail_id`) REFERENCES `thredded_user_details` (`id`),
  CONSTRAINT `fk_rails_966803d714` FOREIGN KEY (`thredded_messageboard_id`) REFERENCES `thredded_messageboards` (`id`)
) ENGINE=InnoDB DEFAULT CHARSET=utf8mb4 COLLATE=utf8mb4_unicode_ci;
/*!40101 SET character_set_client = @saved_cs_client */;

--
-- Dumping data for table `thredded_messageboard_users`
--

LOCK TABLES `thredded_messageboard_users` WRITE;
/*!40000 ALTER TABLE `thredded_messageboard_users` DISABLE KEYS */;
/*!40000 ALTER TABLE `thredded_messageboard_users` ENABLE KEYS */;
UNLOCK TABLES;

--
-- Table structure for table `thredded_messageboards`
--

DROP TABLE IF EXISTS `thredded_messageboards`;
/*!40101 SET @saved_cs_client     = @@character_set_client */;
/*!40101 SET character_set_client = utf8 */;
CREATE TABLE `thredded_messageboards` (
  `id` int(11) NOT NULL AUTO_INCREMENT,
  `name` varchar(191) COLLATE utf8mb4_unicode_ci NOT NULL,
  `slug` varchar(191) COLLATE utf8mb4_unicode_ci DEFAULT NULL,
  `description` text COLLATE utf8mb4_unicode_ci,
  `topics_count` int(11) DEFAULT '0',
  `posts_count` int(11) DEFAULT '0',
  `position` int(11) NOT NULL,
  `last_topic_id` int(11) DEFAULT NULL,
  `messageboard_group_id` int(11) DEFAULT NULL,
  `created_at` datetime NOT NULL,
  `updated_at` datetime NOT NULL,
  PRIMARY KEY (`id`),
  KEY `index_thredded_messageboards_on_messageboard_group_id` (`messageboard_group_id`),
  KEY `index_thredded_messageboards_on_slug` (`slug`)
) ENGINE=InnoDB AUTO_INCREMENT=5 DEFAULT CHARSET=utf8mb4 COLLATE=utf8mb4_unicode_ci;
/*!40101 SET character_set_client = @saved_cs_client */;

--
-- Dumping data for table `thredded_messageboards`
--

LOCK TABLES `thredded_messageboards` WRITE;
/*!40000 ALTER TABLE `thredded_messageboards` DISABLE KEYS */;
INSERT INTO `thredded_messageboards` VALUES (1,'Main Board','main-board','A board is not a board without some posts',5,14,1479424398,5,NULL,'2016-11-17 23:13:18','2016-11-17 23:13:19'),(2,'Off-Topic','off-topic','Talk about whatever here, it\'s all good.',1,1,1479424399,6,NULL,'2016-11-17 23:13:19','2016-11-17 23:13:19'),(3,'Help, Bugs, and Suggestions','help-bugs-and-suggestions','Need help using the forum? Want to report a bug or make a suggestion? This is the place.',3,3,1479424399,9,1,'2016-11-17 23:13:19','2016-11-17 23:13:19'),(4,'Praise','praise','Want to tell us how great we are? This is the place.',1,1,1479424399,10,1,'2016-11-17 23:13:19','2016-11-17 23:13:19');
/*!40000 ALTER TABLE `thredded_messageboards` ENABLE KEYS */;
UNLOCK TABLES;

--
-- Table structure for table `thredded_post_moderation_records`
--

DROP TABLE IF EXISTS `thredded_post_moderation_records`;
/*!40101 SET @saved_cs_client     = @@character_set_client */;
/*!40101 SET character_set_client = utf8 */;
CREATE TABLE `thredded_post_moderation_records` (
  `id` int(11) NOT NULL AUTO_INCREMENT,
  `post_id` int(11) DEFAULT NULL,
  `messageboard_id` int(11) DEFAULT NULL,
  `post_content` text COLLATE utf8mb4_unicode_ci,
  `post_user_id` int(11) DEFAULT NULL,
  `post_user_name` text COLLATE utf8mb4_unicode_ci,
  `moderator_id` int(11) DEFAULT NULL,
  `moderation_state` int(11) NOT NULL,
  `previous_moderation_state` int(11) NOT NULL,
  `created_at` datetime NOT NULL,
  PRIMARY KEY (`id`),
  KEY `index_thredded_moderation_records_for_display` (`messageboard_id`,`created_at`)
) ENGINE=InnoDB DEFAULT CHARSET=utf8mb4 COLLATE=utf8mb4_unicode_ci;
/*!40101 SET character_set_client = @saved_cs_client */;

--
-- Dumping data for table `thredded_post_moderation_records`
--

LOCK TABLES `thredded_post_moderation_records` WRITE;
/*!40000 ALTER TABLE `thredded_post_moderation_records` DISABLE KEYS */;
/*!40000 ALTER TABLE `thredded_post_moderation_records` ENABLE KEYS */;
UNLOCK TABLES;

--
-- Table structure for table `thredded_post_notifications`
--

DROP TABLE IF EXISTS `thredded_post_notifications`;
/*!40101 SET @saved_cs_client     = @@character_set_client */;
/*!40101 SET character_set_client = utf8 */;
CREATE TABLE `thredded_post_notifications` (
  `id` int(11) NOT NULL AUTO_INCREMENT,
  `email` varchar(191) COLLATE utf8mb4_unicode_ci NOT NULL,
  `post_id` int(11) NOT NULL,
  `created_at` datetime NOT NULL,
  `updated_at` datetime NOT NULL,
  `post_type` varchar(191) COLLATE utf8mb4_unicode_ci DEFAULT NULL,
  PRIMARY KEY (`id`),
  KEY `index_thredded_post_notifications_on_post` (`post_id`,`post_type`)
) ENGINE=InnoDB DEFAULT CHARSET=utf8mb4 COLLATE=utf8mb4_unicode_ci;
/*!40101 SET character_set_client = @saved_cs_client */;

--
-- Dumping data for table `thredded_post_notifications`
--

LOCK TABLES `thredded_post_notifications` WRITE;
/*!40000 ALTER TABLE `thredded_post_notifications` DISABLE KEYS */;
/*!40000 ALTER TABLE `thredded_post_notifications` ENABLE KEYS */;
UNLOCK TABLES;

--
-- Table structure for table `thredded_posts`
--

DROP TABLE IF EXISTS `thredded_posts`;
/*!40101 SET @saved_cs_client     = @@character_set_client */;
/*!40101 SET character_set_client = utf8 */;
CREATE TABLE `thredded_posts` (
  `id` int(11) NOT NULL AUTO_INCREMENT,
  `user_id` int(11) DEFAULT NULL,
  `content` text COLLATE utf8mb4_unicode_ci,
  `ip` varchar(255) COLLATE utf8mb4_unicode_ci DEFAULT NULL,
  `source` varchar(255) COLLATE utf8mb4_unicode_ci DEFAULT 'web',
  `postable_id` int(11) NOT NULL,
  `messageboard_id` int(11) NOT NULL,
  `moderation_state` int(11) NOT NULL,
  `created_at` datetime NOT NULL,
  `updated_at` datetime NOT NULL,
  PRIMARY KEY (`id`),
  KEY `index_thredded_posts_for_display` (`moderation_state`,`updated_at`),
  KEY `index_thredded_posts_on_messageboard_id` (`messageboard_id`),
  KEY `index_thredded_posts_on_postable_id_and_postable_type` (`postable_id`),
  KEY `index_thredded_posts_on_user_id` (`user_id`),
  FULLTEXT KEY `thredded_posts_content_fts` (`content`)
) ENGINE=InnoDB AUTO_INCREMENT=20 DEFAULT CHARSET=utf8mb4 COLLATE=utf8mb4_unicode_ci;
/*!40101 SET character_set_client = @saved_cs_client */;

--
-- Dumping data for table `thredded_posts`
--

LOCK TABLES `thredded_posts` WRITE;
/*!40000 ALTER TABLE `thredded_posts` DISABLE KEYS */;
INSERT INTO `thredded_posts` VALUES (1,4,'You can\'t parse the port without navigating the wireless IB interface!','127.0.0.1','web',1,1,1,'2016-11-16 14:39:34','2016-11-16 14:39:34'),(2,3,'Use the auxiliary AI alarm, then you can compress the open-source protocol!','127.0.0.1','web',1,1,1,'2016-11-16 17:02:57','2016-11-16 17:02:57'),(3,4,'You can\'t parse the alarm without copying the redundant EXE circuit!','127.0.0.1','web',2,1,1,'2016-11-16 23:26:17','2016-11-16 23:26:17'),(4,2,'You can\'t program the panel without bypassing the primary XSS application!','127.0.0.1','web',2,1,1,'2016-11-16 23:51:21','2016-11-16 23:51:21'),(5,2,'The SDD bandwidth is down, copy the virtual application so we can program the PCI microchip!','127.0.0.1','web',2,1,1,'2016-11-17 04:04:36','2016-11-17 04:04:36'),(6,4,'We need to compress the bluetooth JSON program!','127.0.0.1','web',3,1,1,'2016-11-17 08:53:52','2016-11-17 08:53:52'),(7,4,'If we override the system, we can get to the EXE microchip through the neural ADP microchip!','127.0.0.1','web',4,1,1,'2016-11-16 00:57:35','2016-11-16 00:57:35'),(8,3,'Connecting the circuit won\'t do anything, we need to back up the wireless agp port!','127.0.0.1','web',4,1,1,'2016-11-16 04:19:53','2016-11-16 04:19:53'),(9,4,'If we hack the protocol, we can get to the SSL driver through the neural USB pixel!','127.0.0.1','web',5,1,1,'2016-11-16 17:17:08','2016-11-16 17:17:08'),(10,3,'I\'ll generate the bluetooth ADP system, that should interface the XML array!','127.0.0.1','web',5,1,1,'2016-11-16 19:45:23','2016-11-16 19:45:23'),(11,6,'We need to index the solid state CSS hard drive!','127.0.0.1','web',5,1,1,'2016-11-17 01:05:57','2016-11-17 01:05:57'),(12,6,'The HDD port is down, program the online bandwidth so we can bypass the PCI sensor!','127.0.0.1','web',5,1,1,'2016-11-17 07:08:45','2016-11-17 07:08:45'),(13,4,'We need to quantify the back-end COM capacitor!','127.0.0.1','web',5,1,1,'2016-11-17 08:27:17','2016-11-17 08:27:17'),(14,6,'If we quantify the capacitor, we can get to the GB array through the auxiliary THX monitor!','127.0.0.1','web',5,1,1,'2016-11-17 09:02:36','2016-11-17 09:02:36'),(15,7,'Use the mobile JBOD driver, then you can calculate the digital hard drive!','127.0.0.1','web',6,2,0,'2016-11-17 23:13:19','2016-11-17 23:13:19'),(16,9,'Transmitting the matrix won\'t do anything, we need to calculate the optical ftp capacitor!','127.0.0.1','web',7,3,0,'2016-11-17 23:13:19','2016-11-17 23:13:19'),(17,11,'You can\'t quantify the pixel without indexing the online PNG interface!','127.0.0.1','web',8,3,0,'2016-11-17 23:13:19','2016-11-17 23:13:19'),(18,13,'We need to override the open-source AI panel!','127.0.0.1','web',9,3,0,'2016-11-17 23:13:19','2016-11-17 23:13:19'),(19,15,'Calculating the protocol won\'t do anything, we need to index the multi-byte sdd bandwidth!','127.0.0.1','web',10,4,0,'2016-11-17 23:13:19','2016-11-17 23:13:19');
/*!40000 ALTER TABLE `thredded_posts` ENABLE KEYS */;
UNLOCK TABLES;

--
-- Table structure for table `thredded_private_posts`
--

DROP TABLE IF EXISTS `thredded_private_posts`;
/*!40101 SET @saved_cs_client     = @@character_set_client */;
/*!40101 SET character_set_client = utf8 */;
CREATE TABLE `thredded_private_posts` (
  `id` int(11) NOT NULL AUTO_INCREMENT,
  `user_id` int(11) DEFAULT NULL,
  `content` text COLLATE utf8mb4_unicode_ci,
  `postable_id` int(11) NOT NULL,
  `ip` varchar(255) COLLATE utf8mb4_unicode_ci DEFAULT NULL,
  `created_at` datetime NOT NULL,
  `updated_at` datetime NOT NULL,
  PRIMARY KEY (`id`)
) ENGINE=InnoDB AUTO_INCREMENT=22 DEFAULT CHARSET=utf8mb4 COLLATE=utf8mb4_unicode_ci;
/*!40101 SET character_set_client = @saved_cs_client */;

--
-- Dumping data for table `thredded_private_posts`
--

LOCK TABLES `thredded_private_posts` WRITE;
/*!40000 ALTER TABLE `thredded_private_posts` DISABLE KEYS */;
INSERT INTO `thredded_private_posts` VALUES (1,4,'I\'ll copy the digital SAS bandwidth, that should bandwidth the HDD bandwidth!',1,'127.0.0.1','2016-11-17 23:13:19','2016-11-17 23:13:19'),(2,1,'Use the 1080p COM card, then you can reboot the cross-platform panel!',2,'127.0.0.1','2016-11-17 23:13:19','2016-11-17 23:13:19'),(3,3,'You can\'t program the circuit without compressing the online PCI transmitter!',2,'127.0.0.1','2016-11-17 23:13:19','2016-11-17 23:13:19'),(4,4,'Use the digital HDD array, then you can connect the back-end system!',2,'127.0.0.1','2016-11-17 23:13:19','2016-11-17 23:13:19'),(5,6,'Try to quantify the XML feed, maybe it will generate the virtual bandwidth!',2,'127.0.0.1','2016-11-17 23:13:19','2016-11-17 23:13:19'),(6,5,'Synthesizing the monitor won\'t do anything, we need to override the neural sql bandwidth!',2,'127.0.0.1','2016-11-17 23:13:19','2016-11-17 23:13:19'),(7,6,'Try to input the SSL bandwidth, maybe it will index the optical alarm!',2,'127.0.0.1','2016-11-17 23:13:19','2016-11-17 23:13:19'),(8,6,'Parsing the bandwidth won\'t do anything, we need to connect the virtual xss circuit!',3,'127.0.0.1','2016-11-17 23:13:19','2016-11-17 23:13:19'),(9,4,'We need to reboot the neural CSS microchip!',3,'127.0.0.1','2016-11-17 23:13:19','2016-11-17 23:13:19'),(10,6,'Use the multi-byte AI transmitter, then you can hack the digital circuit!',3,'127.0.0.1','2016-11-17 23:13:19','2016-11-17 23:13:19'),(11,5,'Bypassing the program won\'t do anything, we need to back up the neural png feed!',3,'127.0.0.1','2016-11-17 23:13:19','2016-11-17 23:13:19'),(12,4,'Synthesizing the sensor won\'t do anything, we need to transmit the back-end usb protocol!',3,'127.0.0.1','2016-11-17 23:13:19','2016-11-17 23:13:19'),(13,4,'The RSS program is down, reboot the bluetooth protocol so we can override the JBOD panel!',3,'127.0.0.1','2016-11-17 23:13:19','2016-11-17 23:13:19'),(14,5,'Try to input the ADP panel, maybe it will generate the wireless panel!',4,'127.0.0.1','2016-11-17 23:13:19','2016-11-17 23:13:19'),(15,4,'Programming the system won\'t do anything, we need to input the optical agp firewall!',4,'127.0.0.1','2016-11-17 23:13:19','2016-11-17 23:13:19'),(16,3,'I\'ll bypass the multi-byte CSS driver, that should bus the SMTP microchip!',4,'127.0.0.1','2016-11-17 23:13:19','2016-11-17 23:13:19'),(17,4,'Try to input the XML circuit, maybe it will compress the primary microchip!',5,'127.0.0.1','2016-11-17 23:13:19','2016-11-17 23:13:19'),(18,5,'You can\'t reboot the array without hacking the mobile PCI circuit!',5,'127.0.0.1','2016-11-17 23:13:19','2016-11-17 23:13:19'),(19,5,'We need to copy the neural JSON bus!',5,'127.0.0.1','2016-11-17 23:13:19','2016-11-17 23:13:19'),(20,2,'The SAS alarm is down, generate the digital program so we can parse the EXE card!',5,'127.0.0.1','2016-11-17 23:13:19','2016-11-17 23:13:19'),(21,1,'Try to navigate the CSS pixel, maybe it will connect the auxiliary application!',5,'127.0.0.1','2016-11-17 23:13:19','2016-11-17 23:13:19');
/*!40000 ALTER TABLE `thredded_private_posts` ENABLE KEYS */;
UNLOCK TABLES;

--
-- Table structure for table `thredded_private_topics`
--

DROP TABLE IF EXISTS `thredded_private_topics`;
/*!40101 SET @saved_cs_client     = @@character_set_client */;
/*!40101 SET character_set_client = utf8 */;
CREATE TABLE `thredded_private_topics` (
  `id` int(11) NOT NULL AUTO_INCREMENT,
  `user_id` int(11) DEFAULT NULL,
  `last_user_id` int(11) DEFAULT NULL,
  `title` varchar(255) COLLATE utf8mb4_unicode_ci NOT NULL,
  `slug` varchar(191) COLLATE utf8mb4_unicode_ci NOT NULL,
  `posts_count` int(11) DEFAULT '0',
  `hash_id` varchar(191) COLLATE utf8mb4_unicode_ci NOT NULL,
  `last_post_at` datetime DEFAULT NULL,
  `created_at` datetime NOT NULL,
  `updated_at` datetime NOT NULL,
  PRIMARY KEY (`id`),
  KEY `index_thredded_private_topics_on_hash_id` (`hash_id`),
  KEY `index_thredded_private_topics_on_slug` (`slug`)
) ENGINE=InnoDB AUTO_INCREMENT=6 DEFAULT CHARSET=utf8mb4 COLLATE=utf8mb4_unicode_ci;
/*!40101 SET character_set_client = @saved_cs_client */;

--
-- Dumping data for table `thredded_private_topics`
--

LOCK TABLES `thredded_private_topics` WRITE;
/*!40000 ALTER TABLE `thredded_private_topics` DISABLE KEYS */;
INSERT INTO `thredded_private_topics` VALUES (1,6,4,'Rerum accusantium atque facilis sit','rerum-accusantium-atque-facilis-sit',1,'hash6','2016-11-17 23:13:19','2016-11-17 23:13:18','2016-11-17 23:13:19'),(2,6,6,'Fugit placeat sequi et veniam modi','fugit-placeat-sequi-et-veniam-modi',6,'hash7','2016-11-17 23:13:19','2016-11-17 23:13:18','2016-11-17 23:13:19'),(3,6,4,'Reprehenderit quam consequuntur est','reprehenderit-quam-consequuntur-est',6,'hash8','2016-11-17 23:13:19','2016-11-17 23:13:18','2016-11-17 23:13:19'),(4,6,3,'Libero voluptas ipsam excepturi inventore aut illo culpa','libero-voluptas-ipsam-excepturi-inventore-aut-illo-culpa',3,'hash9','2016-11-17 23:13:19','2016-11-17 23:13:19','2016-11-17 23:13:19'),(5,6,1,'Aut aut placeat perspiciatis recusandae quasi et','aut-aut-placeat-perspiciatis-recusandae-quasi-et',5,'hash10','2016-11-17 23:13:19','2016-11-17 23:13:19','2016-11-17 23:13:19');
/*!40000 ALTER TABLE `thredded_private_topics` ENABLE KEYS */;
UNLOCK TABLES;

--
-- Table structure for table `thredded_private_users`
--

DROP TABLE IF EXISTS `thredded_private_users`;
/*!40101 SET @saved_cs_client     = @@character_set_client */;
/*!40101 SET character_set_client = utf8 */;
CREATE TABLE `thredded_private_users` (
  `id` int(11) NOT NULL AUTO_INCREMENT,
  `private_topic_id` int(11) DEFAULT NULL,
  `user_id` int(11) DEFAULT NULL,
  `created_at` datetime NOT NULL,
  `updated_at` datetime NOT NULL,
  PRIMARY KEY (`id`),
  KEY `index_thredded_private_users_on_private_topic_id` (`private_topic_id`),
  KEY `index_thredded_private_users_on_user_id` (`user_id`)
) ENGINE=InnoDB AUTO_INCREMENT=11 DEFAULT CHARSET=utf8mb4 COLLATE=utf8mb4_unicode_ci;
/*!40101 SET character_set_client = @saved_cs_client */;

--
-- Dumping data for table `thredded_private_users`
--

LOCK TABLES `thredded_private_users` WRITE;
/*!40000 ALTER TABLE `thredded_private_users` DISABLE KEYS */;
INSERT INTO `thredded_private_users` VALUES (1,1,1,'2016-11-17 23:13:18','2016-11-17 23:13:18'),(2,1,6,'2016-11-17 23:13:18','2016-11-17 23:13:18'),(3,2,1,'2016-11-17 23:13:18','2016-11-17 23:13:18'),(4,2,6,'2016-11-17 23:13:18','2016-11-17 23:13:18'),(5,3,1,'2016-11-17 23:13:18','2016-11-17 23:13:18'),(6,3,6,'2016-11-17 23:13:18','2016-11-17 23:13:18'),(7,4,1,'2016-11-17 23:13:19','2016-11-17 23:13:19'),(8,4,6,'2016-11-17 23:13:19','2016-11-17 23:13:19'),(9,5,1,'2016-11-17 23:13:19','2016-11-17 23:13:19'),(10,5,6,'2016-11-17 23:13:19','2016-11-17 23:13:19');
/*!40000 ALTER TABLE `thredded_private_users` ENABLE KEYS */;
UNLOCK TABLES;

--
-- Table structure for table `thredded_topic_categories`
--

DROP TABLE IF EXISTS `thredded_topic_categories`;
/*!40101 SET @saved_cs_client     = @@character_set_client */;
/*!40101 SET character_set_client = utf8 */;
CREATE TABLE `thredded_topic_categories` (
  `id` int(11) NOT NULL AUTO_INCREMENT,
  `topic_id` int(11) NOT NULL,
  `category_id` int(11) NOT NULL,
  PRIMARY KEY (`id`),
  KEY `index_thredded_topic_categories_on_category_id` (`category_id`),
  KEY `index_thredded_topic_categories_on_topic_id` (`topic_id`)
) ENGINE=InnoDB DEFAULT CHARSET=utf8mb4 COLLATE=utf8mb4_unicode_ci;
/*!40101 SET character_set_client = @saved_cs_client */;

--
-- Dumping data for table `thredded_topic_categories`
--

LOCK TABLES `thredded_topic_categories` WRITE;
/*!40000 ALTER TABLE `thredded_topic_categories` DISABLE KEYS */;
/*!40000 ALTER TABLE `thredded_topic_categories` ENABLE KEYS */;
UNLOCK TABLES;

--
-- Table structure for table `thredded_topics`
--

DROP TABLE IF EXISTS `thredded_topics`;
/*!40101 SET @saved_cs_client     = @@character_set_client */;
/*!40101 SET character_set_client = utf8 */;
CREATE TABLE `thredded_topics` (
  `id` int(11) NOT NULL AUTO_INCREMENT,
  `user_id` int(11) DEFAULT NULL,
  `last_user_id` int(11) DEFAULT NULL,
  `title` varchar(255) COLLATE utf8mb4_unicode_ci NOT NULL,
  `slug` varchar(191) COLLATE utf8mb4_unicode_ci NOT NULL,
  `messageboard_id` int(11) NOT NULL,
  `posts_count` int(11) NOT NULL DEFAULT '0',
  `sticky` tinyint(1) NOT NULL DEFAULT '0',
  `locked` tinyint(1) NOT NULL DEFAULT '0',
  `hash_id` varchar(191) COLLATE utf8mb4_unicode_ci NOT NULL,
  `type` varchar(191) COLLATE utf8mb4_unicode_ci DEFAULT NULL,
  `moderation_state` int(11) NOT NULL,
  `last_post_at` datetime DEFAULT NULL,
  `created_at` datetime NOT NULL,
  `updated_at` datetime NOT NULL,
  PRIMARY KEY (`id`),
  UNIQUE KEY `index_thredded_topics_on_messageboard_id_and_slug` (`messageboard_id`,`slug`),
  KEY `index_thredded_topics_for_display` (`moderation_state`,`sticky`,`updated_at`),
  KEY `index_thredded_topics_on_hash_id` (`hash_id`),
  KEY `index_thredded_topics_on_messageboard_id` (`messageboard_id`),
  KEY `index_thredded_topics_on_user_id` (`user_id`),
  FULLTEXT KEY `thredded_topics_title_fts` (`title`)
) ENGINE=InnoDB AUTO_INCREMENT=11 DEFAULT CHARSET=utf8mb4 COLLATE=utf8mb4_unicode_ci;
/*!40101 SET character_set_client = @saved_cs_client */;

--
-- Dumping data for table `thredded_topics`
--

LOCK TABLES `thredded_topics` WRITE;
/*!40000 ALTER TABLE `thredded_topics` DISABLE KEYS */;
INSERT INTO `thredded_topics` VALUES (1,4,3,'I have a bad feeling about this.','i-have-a-bad-feeling-about-this',1,2,0,0,'hash1',NULL,1,'2016-11-16 17:02:57','2016-11-17 23:13:18','2016-11-17 23:13:19'),(2,4,2,'Strike me down, and I will become more powerful than you could possibly imagine.','strike-me-down-and-i-will-become-more-powerful-than-you-could-possibly-imagine',1,3,0,0,'hash2',NULL,1,'2016-11-17 04:04:36','2016-11-17 23:13:18','2016-11-17 23:13:19'),(3,4,4,'I find your lack of faith disturbing.','i-find-your-lack-of-faith-disturbing',1,1,0,0,'hash3',NULL,1,'2016-11-17 08:53:52','2016-11-17 23:13:18','2016-11-17 23:13:19'),(4,4,3,'Aren\'t you a little short for a Stormtrooper?','aren-t-you-a-little-short-for-a-stormtrooper',1,2,0,0,'hash4',NULL,1,'2016-11-16 04:19:53','2016-11-17 23:13:18','2016-11-17 23:13:19'),(5,4,6,'Strike me down, and I will become more powerful than you could possibly imagine.','strike-me-down-and-i-will-become-more-powerful-than-you-could-possibly-imagine-topic',1,6,0,0,'hash5',NULL,1,'2016-11-17 09:02:36','2016-11-17 23:13:18','2016-11-17 23:13:19'),(6,7,7,'Now, witness the power of this fully operational battle station.','now-witness-the-power-of-this-fully-operational-battle-station',2,1,0,0,'hash11',NULL,0,'2016-11-17 23:13:19','2016-11-17 23:13:19','2016-11-17 23:13:19'),(7,9,9,'R2-D2, you know better than to trust a strange computer!','r2-d2-you-know-better-than-to-trust-a-strange-computer',3,1,0,0,'hash12',NULL,0,'2016-11-17 23:13:19','2016-11-17 23:13:19','2016-11-17 23:13:19'),(8,11,11,'A Jedi uses the Force for knowledge and defense, never for attack.','a-jedi-uses-the-force-for-knowledge-and-defense-never-for-attack',3,1,0,0,'hash13',NULL,0,'2016-11-17 23:13:19','2016-11-17 23:13:19','2016-11-17 23:13:19'),(9,13,13,'It\'s not impossible. I used to bullseye womp rats in my T-16 back home, they\'re not much bigger than two meters.','it-s-not-impossible-i-used-to-bullseye-womp-rats-in-my-t-16-back-home-they-re-not-much-bigger-than-two-meters',3,1,0,0,'hash14',NULL,0,'2016-11-17 23:13:19','2016-11-17 23:13:19','2016-11-17 23:13:19'),(10,15,15,'Fear is the path to the dark side... fear leads to anger... anger leads to hate... hate leads to suffering.','fear-is-the-path-to-the-dark-side-fear-leads-to-anger-anger-leads-to-hate-hate-leads-to-suffering',4,1,0,0,'hash15',NULL,0,'2016-11-17 23:13:19','2016-11-17 23:13:19','2016-11-17 23:13:19');
/*!40000 ALTER TABLE `thredded_topics` ENABLE KEYS */;
UNLOCK TABLES;

--
-- Table structure for table `thredded_user_details`
--

DROP TABLE IF EXISTS `thredded_user_details`;
/*!40101 SET @saved_cs_client     = @@character_set_client */;
/*!40101 SET character_set_client = utf8 */;
CREATE TABLE `thredded_user_details` (
  `id` int(11) NOT NULL AUTO_INCREMENT,
  `user_id` int(11) NOT NULL,
  `latest_activity_at` datetime DEFAULT NULL,
  `posts_count` int(11) DEFAULT '0',
  `topics_count` int(11) DEFAULT '0',
  `last_seen_at` datetime DEFAULT NULL,
  `moderation_state` int(11) NOT NULL DEFAULT '0',
  `moderation_state_changed_at` datetime DEFAULT NULL,
  `created_at` datetime NOT NULL,
  `updated_at` datetime NOT NULL,
  PRIMARY KEY (`id`),
  KEY `index_thredded_user_details_for_moderations` (`moderation_state`,`moderation_state_changed_at`),
  KEY `index_thredded_user_details_on_latest_activity_at` (`latest_activity_at`),
  KEY `index_thredded_user_details_on_user_id` (`user_id`)
) ENGINE=InnoDB AUTO_INCREMENT=12 DEFAULT CHARSET=utf8mb4 COLLATE=utf8mb4_unicode_ci;
/*!40101 SET character_set_client = @saved_cs_client */;

--
-- Dumping data for table `thredded_user_details`
--

LOCK TABLES `thredded_user_details` WRITE;
/*!40000 ALTER TABLE `thredded_user_details` DISABLE KEYS */;
INSERT INTO `thredded_user_details` VALUES (1,1,NULL,0,0,NULL,1,'2016-11-17 23:13:18','2016-11-17 23:13:18','2016-11-17 23:13:18'),(2,2,NULL,2,0,NULL,1,'2016-11-17 23:13:18','2016-11-17 23:13:18','2016-11-17 23:13:18'),(3,3,NULL,3,0,NULL,1,'2016-11-17 23:13:18','2016-11-17 23:13:18','2016-11-17 23:13:18'),(4,4,NULL,6,5,NULL,1,'2016-11-17 23:13:18','2016-11-17 23:13:18','2016-11-17 23:13:18'),(5,5,NULL,0,0,NULL,1,'2016-11-17 23:13:18','2016-11-17 23:13:18','2016-11-17 23:13:18'),(6,6,NULL,3,0,NULL,1,'2016-11-17 23:13:18','2016-11-17 23:13:18','2016-11-17 23:13:18'),(7,7,NULL,1,1,NULL,0,NULL,'2016-11-17 23:13:19','2016-11-17 23:13:19'),(8,9,NULL,1,1,NULL,0,NULL,'2016-11-17 23:13:19','2016-11-17 23:13:19'),(9,11,NULL,1,1,NULL,0,NULL,'2016-11-17 23:13:19','2016-11-17 23:13:19'),(10,13,NULL,1,1,NULL,0,NULL,'2016-11-17 23:13:19','2016-11-17 23:13:19'),(11,15,NULL,1,1,NULL,0,NULL,'2016-11-17 23:13:19','2016-11-17 23:13:19');
/*!40000 ALTER TABLE `thredded_user_details` ENABLE KEYS */;
UNLOCK TABLES;

--
-- Table structure for table `thredded_user_messageboard_preferences`
--

DROP TABLE IF EXISTS `thredded_user_messageboard_preferences`;
/*!40101 SET @saved_cs_client     = @@character_set_client */;
/*!40101 SET character_set_client = utf8 */;
CREATE TABLE `thredded_user_messageboard_preferences` (
  `id` int(11) NOT NULL AUTO_INCREMENT,
  `user_id` int(11) NOT NULL,
  `messageboard_id` int(11) NOT NULL,
  `follow_topics_on_mention` tinyint(1) NOT NULL DEFAULT '1',
  `followed_topic_emails` tinyint(1) NOT NULL DEFAULT '1',
  `created_at` datetime NOT NULL,
  `updated_at` datetime NOT NULL,
  PRIMARY KEY (`id`),
  UNIQUE KEY `thredded_user_messageboard_preferences_user_id_messageboard_id` (`user_id`,`messageboard_id`)
) ENGINE=InnoDB DEFAULT CHARSET=utf8mb4 COLLATE=utf8mb4_unicode_ci;
/*!40101 SET character_set_client = @saved_cs_client */;

--
-- Dumping data for table `thredded_user_messageboard_preferences`
--

LOCK TABLES `thredded_user_messageboard_preferences` WRITE;
/*!40000 ALTER TABLE `thredded_user_messageboard_preferences` DISABLE KEYS */;
/*!40000 ALTER TABLE `thredded_user_messageboard_preferences` ENABLE KEYS */;
UNLOCK TABLES;

--
-- Table structure for table `thredded_user_preferences`
--

DROP TABLE IF EXISTS `thredded_user_preferences`;
/*!40101 SET @saved_cs_client     = @@character_set_client */;
/*!40101 SET character_set_client = utf8 */;
CREATE TABLE `thredded_user_preferences` (
  `id` int(11) NOT NULL AUTO_INCREMENT,
  `user_id` int(11) NOT NULL,
  `follow_topics_on_mention` tinyint(1) NOT NULL DEFAULT '1',
  `notify_on_message` tinyint(1) NOT NULL DEFAULT '1',
  `followed_topic_emails` tinyint(1) NOT NULL DEFAULT '1',
  `created_at` datetime NOT NULL,
  `updated_at` datetime NOT NULL,
  PRIMARY KEY (`id`),
  KEY `index_thredded_user_preferences_on_user_id` (`user_id`)
) ENGINE=InnoDB DEFAULT CHARSET=utf8mb4 COLLATE=utf8mb4_unicode_ci;
/*!40101 SET character_set_client = @saved_cs_client */;

--
-- Dumping data for table `thredded_user_preferences`
--

LOCK TABLES `thredded_user_preferences` WRITE;
/*!40000 ALTER TABLE `thredded_user_preferences` DISABLE KEYS */;
/*!40000 ALTER TABLE `thredded_user_preferences` ENABLE KEYS */;
UNLOCK TABLES;

--
-- Table structure for table `thredded_user_private_topic_read_states`
--

DROP TABLE IF EXISTS `thredded_user_private_topic_read_states`;
/*!40101 SET @saved_cs_client     = @@character_set_client */;
/*!40101 SET character_set_client = utf8 */;
CREATE TABLE `thredded_user_private_topic_read_states` (
  `id` int(11) NOT NULL AUTO_INCREMENT,
  `user_id` int(11) NOT NULL,
  `postable_id` int(11) NOT NULL,
  `page` int(11) NOT NULL DEFAULT '1',
  `read_at` datetime NOT NULL,
  PRIMARY KEY (`id`),
  UNIQUE KEY `thredded_user_private_topic_read_states_user_postable` (`user_id`,`postable_id`)
) ENGINE=InnoDB DEFAULT CHARSET=utf8mb4 COLLATE=utf8mb4_unicode_ci;
/*!40101 SET character_set_client = @saved_cs_client */;

--
-- Dumping data for table `thredded_user_private_topic_read_states`
--

LOCK TABLES `thredded_user_private_topic_read_states` WRITE;
/*!40000 ALTER TABLE `thredded_user_private_topic_read_states` DISABLE KEYS */;
/*!40000 ALTER TABLE `thredded_user_private_topic_read_states` ENABLE KEYS */;
UNLOCK TABLES;

--
-- Table structure for table `thredded_user_topic_follows`
--

DROP TABLE IF EXISTS `thredded_user_topic_follows`;
/*!40101 SET @saved_cs_client     = @@character_set_client */;
/*!40101 SET character_set_client = utf8 */;
CREATE TABLE `thredded_user_topic_follows` (
  `id` int(11) NOT NULL AUTO_INCREMENT,
  `user_id` int(11) NOT NULL,
  `topic_id` int(11) NOT NULL,
  `created_at` datetime NOT NULL,
  `reason` tinyint(4) DEFAULT NULL,
  PRIMARY KEY (`id`),
  UNIQUE KEY `thredded_user_topic_follows_user_topic` (`user_id`,`topic_id`)
) ENGINE=InnoDB AUTO_INCREMENT=31 DEFAULT CHARSET=utf8mb4 COLLATE=utf8mb4_unicode_ci;
/*!40101 SET character_set_client = @saved_cs_client */;

--
-- Dumping data for table `thredded_user_topic_follows`
--

LOCK TABLES `thredded_user_topic_follows` WRITE;
/*!40000 ALTER TABLE `thredded_user_topic_follows` DISABLE KEYS */;
INSERT INTO `thredded_user_topic_follows` VALUES (1,4,1,'2016-11-17 23:13:19',1),(2,3,1,'2016-11-17 23:13:19',1),(3,4,2,'2016-11-17 23:13:19',1),(4,2,2,'2016-11-17 23:13:19',1),(5,4,3,'2016-11-17 23:13:19',1),(6,4,4,'2016-11-17 23:13:19',1),(7,3,4,'2016-11-17 23:13:19',1),(8,4,5,'2016-11-17 23:13:19',1),(9,3,5,'2016-11-17 23:13:19',1),(10,6,5,'2016-11-17 23:13:19',1),(11,1,3,'2016-11-17 23:13:19',0),(12,1,2,'2016-11-17 23:13:19',0),(13,1,5,'2016-11-17 23:13:19',0),(14,1,1,'2016-11-17 23:13:19',0),(15,1,4,'2016-11-17 23:13:19',0),(16,5,4,'2016-11-17 23:13:19',0),(17,5,1,'2016-11-17 23:13:19',0),(18,5,2,'2016-11-17 23:13:19',0),(19,5,5,'2016-11-17 23:13:19',0),(20,5,3,'2016-11-17 23:13:19',0),(21,3,3,'2016-11-17 23:13:19',0),(22,3,2,'2016-11-17 23:13:19',0),(23,6,4,'2016-11-17 23:13:19',0),(24,6,1,'2016-11-17 23:13:19',0),(25,6,3,'2016-11-17 23:13:19',0),(26,6,2,'2016-11-17 23:13:19',0),(27,2,1,'2016-11-17 23:13:19',0),(28,2,4,'2016-11-17 23:13:19',0),(29,2,3,'2016-11-17 23:13:19',0),(30,2,5,'2016-11-17 23:13:19',0);
/*!40000 ALTER TABLE `thredded_user_topic_follows` ENABLE KEYS */;
UNLOCK TABLES;

--
-- Table structure for table `thredded_user_topic_read_states`
--

DROP TABLE IF EXISTS `thredded_user_topic_read_states`;
/*!40101 SET @saved_cs_client     = @@character_set_client */;
/*!40101 SET character_set_client = utf8 */;
CREATE TABLE `thredded_user_topic_read_states` (
  `id` int(11) NOT NULL AUTO_INCREMENT,
  `user_id` int(11) NOT NULL,
  `postable_id` int(11) NOT NULL,
  `page` int(11) NOT NULL DEFAULT '1',
  `read_at` datetime NOT NULL,
  PRIMARY KEY (`id`),
  UNIQUE KEY `thredded_user_topic_read_states_user_postable` (`user_id`,`postable_id`)
) ENGINE=InnoDB AUTO_INCREMENT=27 DEFAULT CHARSET=utf8mb4 COLLATE=utf8mb4_unicode_ci;
/*!40101 SET character_set_client = @saved_cs_client */;

--
-- Dumping data for table `thredded_user_topic_read_states`
--

LOCK TABLES `thredded_user_topic_read_states` WRITE;
/*!40000 ALTER TABLE `thredded_user_topic_read_states` DISABLE KEYS */;
INSERT INTO `thredded_user_topic_read_states` VALUES (1,3,1,1,'2016-11-16 17:02:57'),(2,2,2,1,'2016-11-17 04:04:36'),(3,4,3,1,'2016-11-17 08:53:52'),(4,3,4,1,'2016-11-16 04:19:53'),(5,6,5,1,'2016-11-17 09:02:36'),(6,1,2,1,'2016-11-17 04:04:36'),(7,1,3,1,'2016-11-17 08:53:52'),(8,1,1,1,'2016-11-16 17:02:57'),(9,1,5,1,'2016-11-17 09:02:36'),(10,1,4,1,'2016-11-16 04:19:53'),(11,3,5,1,'2016-11-17 09:02:36'),(12,3,3,1,'2016-11-17 08:53:52'),(13,3,2,1,'2016-11-17 04:04:36'),(14,6,3,1,'2016-11-17 08:53:52'),(15,6,4,1,'2016-11-16 04:19:53'),(16,6,1,1,'2016-11-16 17:02:57'),(17,6,2,1,'2016-11-17 04:04:36'),(18,4,4,1,'2016-11-16 04:19:53'),(19,4,2,1,'2016-11-17 04:04:36'),(20,4,5,1,'2016-11-17 09:02:36'),(21,4,1,1,'2016-11-16 17:02:57'),(22,5,5,1,'2016-11-17 09:02:36'),(23,5,4,1,'2016-11-16 04:19:53'),(24,5,3,1,'2016-11-17 08:53:52'),(25,5,2,1,'2016-11-17 04:04:36'),(26,5,1,1,'2016-11-16 17:02:57');
/*!40000 ALTER TABLE `thredded_user_topic_read_states` ENABLE KEYS */;
UNLOCK TABLES;

--
-- Table structure for table `users`
--

DROP TABLE IF EXISTS `users`;
/*!40101 SET @saved_cs_client     = @@character_set_client */;
/*!40101 SET character_set_client = utf8 */;
CREATE TABLE `users` (
  `id` int(11) NOT NULL AUTO_INCREMENT,
  `name` varchar(255) COLLATE utf8mb4_unicode_ci NOT NULL,
  `email` varchar(255) COLLATE utf8mb4_unicode_ci DEFAULT NULL,
  `created_at` datetime NOT NULL,
  `updated_at` datetime NOT NULL,
  `admin` tinyint(1) NOT NULL DEFAULT '0',
  PRIMARY KEY (`id`),
  KEY `index_users_on_name` (`name`)
) ENGINE=InnoDB AUTO_INCREMENT=17 DEFAULT CHARSET=utf8mb4 COLLATE=utf8mb4_unicode_ci;
/*!40101 SET character_set_client = @saved_cs_client */;

--
-- Dumping data for table `users`
--

LOCK TABLES `users` WRITE;
/*!40000 ALTER TABLE `users` DISABLE KEYS */;
INSERT INTO `users` VALUES (1,'Joe','joe@example.com','2016-11-17 23:13:18','2016-11-17 23:13:18',1),(2,'Gisselle DuBuque Sr.','user1@example.com','2016-11-17 23:13:18','2016-11-17 23:13:18',0),(3,'Chesley Wehner Sr.','user2@example.com','2016-11-17 23:13:18','2016-11-17 23:13:18',0),(4,'Mr. Idella Jerde','user3@example.com','2016-11-17 23:13:18','2016-11-17 23:13:18',0),(5,'Alisha McKenzie','user4@example.com','2016-11-17 23:13:18','2016-11-17 23:13:18',0),(6,'Mrs. Carissa Abernathy','user5@example.com','2016-11-17 23:13:18','2016-11-17 23:13:18',0),(7,'Dr. Shany Mosciski','user6@example.com','2016-11-17 23:13:19','2016-11-17 23:13:19',0),(8,'Brain Hahn','user7@example.com','2016-11-17 23:13:19','2016-11-17 23:13:19',0),(9,'Rasheed Hammes','user8@example.com','2016-11-17 23:13:19','2016-11-17 23:13:19',0),(10,'Nelson Blick','user9@example.com','2016-11-17 23:13:19','2016-11-17 23:13:19',0),(11,'Amaya Price','user10@example.com','2016-11-17 23:13:19','2016-11-17 23:13:19',0),(12,'Caleigh Tillman','user11@example.com','2016-11-17 23:13:19','2016-11-17 23:13:19',0),(13,'Mr. Name Macejkovic','user12@example.com','2016-11-17 23:13:19','2016-11-17 23:13:19',0),(14,'Jammie Breitenberg','user13@example.com','2016-11-17 23:13:19','2016-11-17 23:13:19',0),(15,'Teresa Pouros','user14@example.com','2016-11-17 23:13:19','2016-11-17 23:13:19',0),(16,'Merlin Sauer','user15@example.com','2016-11-17 23:13:19','2016-11-17 23:13:19',0);
/*!40000 ALTER TABLE `users` ENABLE KEYS */;
UNLOCK TABLES;
/*!40103 SET TIME_ZONE=@OLD_TIME_ZONE */;

/*!40101 SET SQL_MODE=@OLD_SQL_MODE */;
/*!40014 SET FOREIGN_KEY_CHECKS=@OLD_FOREIGN_KEY_CHECKS */;
/*!40014 SET UNIQUE_CHECKS=@OLD_UNIQUE_CHECKS */;
/*!40101 SET CHARACTER_SET_CLIENT=@OLD_CHARACTER_SET_CLIENT */;
/*!40101 SET CHARACTER_SET_RESULTS=@OLD_CHARACTER_SET_RESULTS */;
/*!40101 SET COLLATION_CONNECTION=@OLD_COLLATION_CONNECTION */;
/*!40111 SET SQL_NOTES=@OLD_SQL_NOTES */;

-- Dump completed on 2016-11-17 23:13:19
